No,PLAYER,TEAM,AGE,GP,W,L, MIN ,PTS,FGM,FGA,FG%,3PM,3PA,3P%,FTM,FTA,FT%,OREB,DREB,REB,AST,TOV,STL,BLK,PF,FP,DD2,TD3,+/-
1,Joel Embiid,PHI,29,7,5,2, 35 ,40.3,13.3,24.6,54.1,1.3,3,42.9,12.4,14.3,87,2.6,7.3,9.9,4.4,2.6,1,1.3,2.6,63,5,0,-3
2,Luka Doncic,DAL,24,6,2,4, 39 ,39.7,13.5,26.3,51.3,3.8,10.2,37.7,8.8,11.8,74.6,1,9.2,10.2,8.8,3.7,1.7,0.7,2.2,68.5,3,2,-7.7
3,Devin Booker,PHX,27,10,7,3, 37 ,32.7,11.9,21.4,55.6,2.9,7.3,39.7,6,6.8,88.2,0.3,3.8,4.1,6.1,2.4,1.1,0.3,2.2,48.6,1,0,9
4,Kyrie Irving,DAL,31,8,4,4, 37 ,30.8,11,23.4,47.1,3.6,8.4,43.3,5.1,5.6,91.1,1.1,5.4,6.5,5.8,2.4,1.8,0.8,2,52.3,1,0,3.1
5,Giannis Antetokounmpo,MIL,29,9,6,3, 36 ,30.7,11.6,19.3,59.8,0.4,1.8,25,7.1,11.4,62.1,2.9,9.8,12.7,8,3.7,1.1,0.9,3.3,60.2,8,4,6.1
6,Shai Gilgeous-Alexander,OKC,25,10,8,2, 33 ,29.9,9.7,18.4,52.7,1,3.7,27,9.5,10.6,89.6,1,3.2,4.2,6.6,2.7,1.7,0.9,2.4,49.9,2,0,8.3
7,Jalen Brunson,NYK,27,8,7,1, 34 ,29.4,9.9,19.3,51.3,2.6,6.8,38.9,7,8,87.5,0.4,3.1,3.5,6.9,2.6,0.5,0.1,1.8,43.1,0,0,16.5
8,Nikola Jokic,DEN,28,10,6,4, 33 ,27.5,11.2,16,70,0.9,1.7,52.9,4.2,4.9,85.7,3,8.1,11.1,8.6,3.5,0.9,1.1,2.7,56.2,8,2,2.1
9,Donovan Mitchell,CLE,27,10,9,1, 33 ,27.3,9.6,20.6,46.6,3.3,9.4,35.1,4.8,6.1,78.7,0.8,4.3,5.1,7.2,3.4,1.9,0.4,1.8,47.7,2,0,15.6
10,Karl-Anthony Towns,MIN,28,10,7,3, 35 ,26.9,9.6,16.9,56.8,3.4,6.1,55.7,4.3,5.1,84.3,1,7.1,8.1,3.3,2.6,0.7,0.3,3.3,42,3,0,8
11,Kevin Durant,PHX,35,10,7,3, 37 ,26,10.1,18.5,54.6,2.6,6.3,41.3,3.2,3.7,86.5,0.8,6.1,6.9,4.7,2.2,0.8,1.5,2.2,46,2,0,3.5
12,Jayson Tatum,BOS,25,9,7,2, 34 ,25.2,7.9,18.4,42.8,2.3,6.9,33.9,7.1,8.7,82.1,0.6,6.8,7.3,3.9,1.1,0.9,0.4,1.9,42.7,2,0,5.7
12,Stephen Curry,GSW,35,9,4,5, 32 ,25.2,8.3,19.4,42.9,4,10.7,37.5,4.6,5,91.1,0.3,3.2,3.6,6.1,2.4,1.2,0.4,1.8,41.2,0,0,-0.7
14,Jaren Jackson Jr.,MEM,24,8,5,3, 32 ,25.1,9.3,21.8,42.5,1.9,7.5,25,4.8,6,79.2,1.4,4.6,6,3.5,2.6,1.8,0.9,2.9,42.8,1,0,0.4
15,Lauri Markkanen,UTA,26,10,7,3, 33 ,25.1,7.8,15.5,50.3,3.2,7.2,44.4,6.3,7,90,2.4,7.3,9.7,2.6,1.3,0.8,0.5,1.3,43.2,5,0,9.8
16,Damian Lillard,MIL,33,9,6,3, 35 ,24.9,7.4,19.1,39,2.6,8.8,29.1,7.4,8.1,91.8,0.2,3.6,3.8,6.4,1.8,1.2,0,0.9,41,1,0,4.7
17,Victor Wembanyama,SAS,20,8,4,4, 26 ,24.9,9.1,17.9,51,1.5,4.8,31.6,5.1,6,85.4,2.9,7.1,10,3.5,3.5,0.6,2.8,2.3,48.8,5,1,4.6
18,Tyrese Maxey,PHI,23,10,6,4, 39 ,24.8,8.4,20.2,41.6,2.7,8.3,32.5,5.3,6.3,84.1,0.7,2.6,3.3,7,1.8,1.9,0.6,2.2,45,0,0,2.3
19,Julius Randle,NYK,29,10,8,2, 35 ,24.7,8.9,18.5,48.1,2.3,6.4,35.9,4.6,5.7,80.7,2.5,6,8.5,6.2,3.6,0.4,0.3,2.5,42.7,2,1,12
19,Mikal Bridges,BKN,27,10,2,8, 38 ,24.7,8.5,18.8,45.2,3.1,8.6,36,4.6,5.5,83.6,0.4,4.4,4.8,3.8,2.2,1,0.6,1.8,38.8,0,0,-2.2
21,Paul George,LAC,33,10,8,2, 34 ,24.1,9,17.9,50.3,4.2,9.2,45.7,1.9,2.3,82.6,0.3,5,5.3,2.4,1.8,1.5,0.6,2.4,38.6,0,0,12.3
22,Jaylen Brown,BOS,27,9,6,3, 32 ,24,9.1,17,53.6,2.4,5.7,43.1,3.3,4.8,69.8,0.8,5.1,5.9,3.9,2.1,1.4,0.7,2.2,41.1,2,1,4.6
22,Marcus Smart,MEM,29,2,2,0, 29 ,24,9,18,50,4,10.5,38.1,2,3,66.7,0,5,5,4.5,3,2.5,0,1,41.3,0,0,13
24,D'Angelo Russell,LAL,27,10,6,4, 33 ,23.5,8.7,16.8,51.8,4.2,8.6,48.8,1.9,2.4,79.2,0.6,1.2,1.8,6.3,2.6,0.8,0.8,2.2,37.3,1,0,4.4
25,Alperen Sengun,HOU,21,10,3,7, 35 ,23.4,9.5,16.9,56.2,0.4,1.5,26.7,4,5.9,67.8,3.1,6.5,9.6,5.3,3.1,1.5,0.8,3.4,46.7,6,1,-5.3
25,Anthony Davis,LAL,30,10,6,4, 36 ,23.4,9,15.6,57.7,0.2,1.1,18.2,5.2,6.4,81.3,2.8,8.9,11.7,5,2,1.1,1.3,1.9,50.1,9,1,-1.6
27,Desmond Bane,MEM,25,3,2,1, 33 ,23.3,7.3,17.3,42.3,2.3,7.3,31.8,6.3,7,90.5,1.3,3.7,5,4,1.7,0.7,0.3,3,36.7,0,0,-1
28,Collin Sexton,UTA,25,10,7,3, 25 ,23.2,8.3,15,55.3,2.3,4.5,51.1,4.3,4.9,87.8,0.9,1.5,2.4,5.7,1.7,0.8,0.2,2.3,35.9,1,0,6.9
28,Dejounte Murray,ATL,27,10,4,6, 35 ,23.2,8.8,18.5,47.6,2.7,6.7,40.3,2.9,3.2,90.6,0.5,6.1,6.6,5.3,2.6,1,0.2,1.9,40.1,3,0,-7.9
30,Jamal Murray,DEN,26,10,6,4, 35 ,23,9.1,19,47.9,1.9,5.8,32.8,2.9,3.4,85.3,0.7,3.5,4.2,7.2,2.5,0.4,0.4,2.3,38.7,1,0,-2.8
30,LeBron James,LAL,39,8,6,2, 34 ,23,8.9,17.9,49.7,1.9,4.8,39.5,3.4,4.5,75,0.9,5.8,6.6,8,3.9,0.8,0.1,1.3,41.7,3,0,3.9
30,Trae Young,ATL,25,7,3,4, 35 ,23,6.9,18,38.1,2.6,7.4,34.6,6.7,7.6,88.7,0.7,1.7,2.4,9.7,4,1.3,0.4,2.3,41.6,5,0,-4
33,Coby White,CHI,23,10,6,4, 39 ,22.8,8.1,15.4,52.6,2.7,6.3,42.9,3.9,4.8,81.3,0.9,5.1,6,5.4,2.6,0.5,0.4,1.9,38.2,2,0,6.2
34,RJ Barrett,TOR,23,10,2,8, 35 ,22.6,9,15.9,56.6,1.3,3.9,33.3,3.3,5.5,60,1,6.2,7.2,3.9,1.5,0.7,0.4,2.8,38.9,1,0,-1.9
35,De'Aaron Fox,SAC,26,10,5,5, 35 ,22.3,8,18,44.4,2.5,6.3,39.7,3.8,5,76,0.5,2.2,2.7,4.2,2.2,1.4,0.3,2.3,34.7,0,0,-2.8
35,Paolo Banchero,ORL,21,10,3,7, 35 ,22.3,8.2,20,41,1.3,4.8,27.1,4.6,6.9,66.7,0.8,5.7,6.5,4.8,2.5,1,0.7,2.1,39.9,2,0,-4.8
37,LaMelo Ball,CHA,22,7,2,5, 30 ,22.3,7.3,17.9,40.8,2.6,9,28.6,5.1,5.9,87.8,0.9,3.6,4.4,7.6,3.4,2.7,0,3.9,43.7,2,0,-6.6
38,Anthony Edwards,MIN,22,10,7,3, 35 ,22.2,7.6,17.2,44.2,1.7,5.4,31.5,5.3,6.3,84.1,0.3,4.3,4.6,5.5,3.4,0.6,0.1,2.2,34.7,0,0,6.6
39,Miles Bridges,CHA,25,10,2,8, 37 ,21.8,8.2,18.1,45.3,2.8,6.9,40.6,2.6,2.8,92.9,0.7,6.7,7.4,2.8,2.6,0.8,0.4,1.5,35.9,2,0,-10.4
40,Pascal Siakam,IND,29,9,3,6, 32 ,21.6,8.3,15.1,55.1,1.7,3.4,48.4,3.2,4.7,69,1.6,5,6.6,4.8,1.4,0.4,0.3,2.2,37.5,2,1,1.7
41,DeMar DeRozan,CHI,34,10,6,4, 39 ,21.4,7.8,16.4,47.6,1.1,3.4,32.4,4.7,5.4,87,0.4,4.3,4.7,5.6,1.8,1.3,0.3,2.2,38.4,1,0,2.8
42,Domantas Sabonis,SAC,27,10,5,5, 36 ,21.1,8.8,12.7,69.3,0.7,1.1,63.6,2.8,3.6,77.8,2.3,9.9,12.2,9.7,3.5,0.7,0.5,3.5,50.4,10,5,0.4
43,Tyrese Haliburton,IND,23,1,0,1, 35 ,21,6,14,42.9,2,7,28.6,7,9,77.8,0,2,2,17,0,0,0,1,48.9,1,0,16
44,Anfernee Simons,POR,24,9,2,7, 33 ,20.9,7.1,16.6,43,3.4,8.4,40.8,3.2,3.8,85.3,0.3,3.1,3.4,4.4,3.1,0.1,0.2,2.3,29.6,1,0,-14
45,Zion Williamson,NOP,23,7,3,4, 29 ,20.7,8.6,14.3,60,0.1,0.1,100,3.4,5.6,61.5,1.3,2.9,4.1,5.3,2.1,0.9,0.4,1.9,35.3,1,0,-0.9
46,Kawhi Leonard,LAC,32,10,8,2, 34 ,20.6,8,15.4,51.9,1.8,3.8,47.4,2.8,3.2,87.5,0.9,5.8,6.7,4.4,1.8,1.7,1.3,1.8,42.4,1,1,7.4
47,Tyler Herro,MIA,24,9,3,6, 34 ,20.6,7.9,17.8,44.4,3.4,8.9,38.8,1.3,1.8,75,0.7,4.8,5.4,3.4,2.3,0.8,0,1.7,32.3,1,0,-2.1
48,Jordan Clarkson,UTA,31,10,7,3, 31 ,20.4,7.4,16.3,45.4,1.9,5.7,33.3,3.7,4,92.5,0.7,3,3.7,5,2.3,0.3,0.2,0.8,31.5,1,0,2.7
49,Jalen Williams,OKC,22,10,8,2, 32 ,20,8.3,15.1,55,1.4,3.3,42.4,2,2.5,80,1.1,3.8,4.9,5.8,1.2,1.3,0.6,2.6,39.1,1,0,13.6
50,Jonathan Kuminga,GSW,21,10,4,6, 28 ,19.9,7.6,12.7,59.8,1.1,2.9,37.9,3.6,4.4,81.8,0.7,4.7,5.4,2.5,1.6,0.7,0.7,1.8,32.7,1,0,2
50,Tim Hardaway Jr.,DAL,31,10,5,5, 33 ,19.9,6.6,15.1,43.7,3.6,8.7,41.4,3.1,3.5,88.6,0.5,3.1,3.6,2,1.6,0.7,0.1,2,28,0,0,-2.5
52,Bojan Bogdanovic,DET,34,8,1,7, 31 ,19.9,7.4,15.1,48.8,3,6.5,46.2,2.1,2.9,73.9,0.4,2.6,3,2.3,1.9,1.1,0.3,1.9,29.1,0,0,-11.5
53,Jimmy Butler,MIA,34,6,1,5, 33 ,19.8,6.3,10.7,59.4,1,1.7,60,6.2,7,88.1,2,2.3,4.3,4,1.8,1.7,0,1.2,34.2,0,0,-6.7
54,Bam Adebayo,MIA,26,10,4,6, 36 ,19.6,7.4,15.1,49,0,0.4,0,4.8,6.2,77.4,2.5,8.4,10.9,5.2,2.2,0.8,1.2,2.6,44.3,7,0,-3
54,Klay Thompson,GSW,33,10,4,6, 31 ,19.6,6.9,15.6,44.2,3.9,9.4,41.5,1.9,2,95,0.7,1.8,2.5,3,1.4,0.4,0.8,2,29.3,0,0,-3.4
54,Kyle Kuzma,WAS,28,10,1,9, 33 ,19.6,7.7,17.9,43,1.7,6.2,27.4,2.5,2.8,89.3,1.5,7.1,8.6,5.1,2.9,0.8,0.8,1.7,39.5,4,0,-6.9
57,Tobias Harris,PHI,31,8,6,2, 35 ,19.4,6.8,13.6,49.5,1.4,3.6,37.9,4.5,4.8,94.7,1,4.1,5.1,4,0.9,0.9,0.5,1.8,34.8,1,0,9.5
58,Terry Rozier,MIA,29,10,2,8, 33 ,19.1,6.6,15.3,43.1,2.7,7.7,35.1,3.2,3.9,82.1,0.6,3.3,3.9,4.9,1.6,0.9,0.3,1.5,33.1,0,0,-16.5
59,CJ McCollum,NOP,32,9,4,5, 30 ,19,6.8,14.3,47.3,3.9,8.6,45.5,1.6,2,77.8,0.7,4.6,5.2,4.6,1.6,0.9,0.9,2.2,35.9,0,0,4.2
59,Jalen Green,HOU,21,10,3,7, 31 ,19,6.9,16.8,41.1,1.3,6.7,19.4,3.9,4.8,81.3,0.4,4.3,4.7,3.8,2.2,0.9,0.2,1.3,31.4,0,0,-4.8
61,Jerami Grant,POR,29,9,3,6, 31 ,18.9,7,15.3,45.7,1.4,4,36.1,3.4,4.4,77.5,0.7,2.7,3.3,2.4,0.9,0.7,0.8,1.6,30,0,0,-10.3
62,Bradley Beal,PHX,30,10,7,3, 36 ,18.8,7.8,14.8,52.7,1.9,4.4,43.2,1.3,2,65,1.1,3.7,4.8,4.4,2.2,1,0.2,3.3,32.6,0,0,4.3
63,Kristaps Porzingis,BOS,28,7,4,3, 30 ,18.4,5.7,11.4,50,2.4,5.1,47.2,4.6,5.3,86.5,1.7,3.7,5.4,3.1,1.9,0.4,2.1,3,35.5,0,0,6.4
64,Alec Burks,DET,32,10,2,8, 24 ,18.4,5.8,13.1,44.3,3.8,8.2,46.3,3,3.3,90.9,0.3,2.2,2.5,2,1,0.4,0.3,1.7,25.5,0,0,-1.1
64,Jaden Ivey,DET,21,10,2,8, 30 ,18.4,6.8,15.5,43.9,1.7,6.1,27.9,3.1,4.8,64.6,1.7,2.7,4.4,5.4,3.1,0.7,0.8,2.6,33.2,0,0,-6.8
66,Cam Thomas,BKN,22,10,2,8, 26 ,18.1,6.2,13.9,44.6,1.5,4.8,31.3,4.2,4.9,85.7,0,2.5,2.5,2.9,1.7,0.5,0.2,1.3,25.9,0,0,-0.3
67,Franz Wagner,ORL,22,3,1,2, 30 ,18,6,13,46.2,2.7,6,44.4,3.3,3.7,90.9,1,2.3,3.3,3.7,2.7,0.3,0.3,1.7,26.8,0,0,-1
68,Nikola Vucevic,CHI,33,10,6,4, 33 ,17.9,8.3,15.2,54.6,1.1,4.4,25,0.2,0.3,66.7,2.6,8.9,11.5,3.9,1.3,0.3,0.7,2.5,39.3,7,0,4.3
69,Wendell Carter Jr.,ORL,24,6,2,4, 28 ,17.8,6.8,10,68.3,1.5,2.8,52.9,2.7,3.3,80,2.7,5,7.7,1.2,1,1.2,0.7,2,33.3,1,0,1.7
70,Scottie Barnes,TOR,22,10,2,8, 35 ,17.8,6.9,14.9,46.3,1.1,4.5,24.4,2.9,4.3,67.4,1.6,4.7,6.3,5.3,3.3,0.9,2,2.1,38.7,2,0,-5.2
71,Fred VanVleet,HOU,29,9,3,6, 37 ,17.7,6.3,14.6,43.5,3.1,9,34.6,1.9,2.2,85,0.7,3.1,3.8,7.8,1,1,2.4,3.2,43.2,3,0,-2
72,Jarrett Allen,CLE,25,10,9,1, 32 ,17.4,7,11.6,60.3,0,0,0,3.4,3.9,87.2,4.7,8.7,13.4,3.4,2.1,1.1,1.7,1.9,44.9,10,0,13.2
72,Keegan Murray,SAC,23,10,5,5, 33 ,17.4,6.8,13.2,51.5,2.4,5.9,40.7,1.4,2,70,1.3,4.5,5.8,1.5,0.8,1,1,2,31.8,1,0,1.8
74,Jaime Jaquez Jr.,MIA,22,4,3,1, 31 ,17.3,6.5,11.8,55.3,1,2.3,44.4,3.3,4.3,76.5,1.3,4,5.3,2.8,2,0.8,0,2.3,27.9,0,0,1.5
75,Malcolm Brogdon,POR,31,7,3,4, 31 ,16.7,5.6,12.9,43.3,2,4.3,46.7,3.6,3.9,92.6,0.4,3.3,3.7,5.3,1.9,0.3,0.4,2.1,29.4,0,0,-7.1
76,Jordan Poole,WAS,24,10,1,9, 30 ,16.7,6,14.2,42.3,1.8,6,30,2.9,3.4,85.3,0.1,1.7,1.8,2.9,1.3,1.1,0.4,3.2,26.4,0,0,-3.4
77,James Harden,LAC,34,10,8,2, 35 ,16.6,5.1,11.8,43.2,2.6,6.8,38.2,3.8,4.2,90.5,0.3,4,4.3,10.1,2.6,0.9,0.6,2.3,38.8,5,1,12.1
78,Cade Cunningham,DET,22,2,0,2, 23 ,16.5,7,14,50,1,4.5,22.2,1.5,1.5,100,0,4,4,3,1,0,0.5,2,26.3,0,0,-4.5
79,Jalen Johnson,ATL,22,10,4,6, 36 ,16.4,6.4,12.9,49.6,1.4,3.8,36.8,2.2,3.4,64.7,0.8,7,7.8,3.8,2,1.7,0.9,2.9,37.3,2,0,-5.1
80,Marvin Bagley III,WAS,24,6,0,6, 25 ,16.2,6.3,10.5,60.3,0.2,0.5,33.3,3.3,5.7,58.8,4.3,4.3,8.7,1.2,1.2,0.8,0.5,3,31.2,3,0,-5.7
81,Khris Middleton,MIL,32,9,5,4, 30 ,16.1,5.6,12.7,43.9,1.7,5.1,32.6,3.3,4,83.3,0.6,3.1,3.7,5.7,1.9,1.3,0.6,2.8,32.8,1,0,-0.6
81,Rudy Gobert,MIN,31,9,7,2, 35 ,16.1,5.8,8.8,65.8,0,0.1,0,4.6,6.7,68.3,3.4,11.1,14.6,1.3,1.2,0.2,2.4,3.3,42.4,8,0,8.3
83,OG Anunoby,NYK,26,10,8,2, 36 ,16.1,5.8,11.1,52.3,1.8,4.6,39.1,2.7,3.1,87.1,0.9,3.9,4.8,1.4,1.6,1.8,1.5,2.1,32.3,0,0,16.5
84,Myles Turner,IND,27,10,5,5, 27 ,16,5.9,11.9,49.6,1.3,4.3,30.2,2.9,3.7,78.4,1.6,4.6,6.2,1.5,1.8,0.6,1.5,3.2,30.2,2,0,-1.5
85,Deni Avdija,WAS,23,10,1,9, 30 ,15.8,5.4,10.1,53.5,1.3,2.7,48.1,3.7,4.5,82.2,0.6,6.4,7,4.3,2.5,0.7,0.5,3.3,31.8,2,0,-4.3
86,Zach LaVine,CHI,28,7,5,2, 34 ,15.6,5.4,11.1,48.7,2.3,5.9,39,2.4,3,81,0.3,5.6,5.9,5.3,2.3,0.6,0.6,2.9,31.7,1,0,0.9
87,Immanuel Quickley,TOR,24,9,2,7, 32 ,15.6,5.3,12.8,41.7,2.3,5.2,44.7,2.6,3,85.2,0.4,4.1,4.6,6.3,1.4,0.8,0.1,1.8,31.7,1,0,-8.8
88,Jalen Duren,DET,20,10,2,8, 29 ,15.5,7.1,11.3,62.8,0,0,0,1.3,2,65,2.2,8.4,10.6,2.5,1.6,0.3,0.5,3.3,32.8,6,0,-7.1
89,Devin Vassell,SAS,23,10,4,6, 32 ,15.4,5.5,12.9,42.6,1.6,5.7,28.1,2.8,3.6,77.8,0.2,3.7,3.9,4.9,1.4,0.8,0.2,1,29,0,0,1
90,Brandon Miller,CHA,21,8,2,6, 28 ,15.3,5.5,11.9,46.3,2.4,6,39.6,1.9,2.4,78.9,1,3.5,4.5,2.5,1.3,0.6,0.3,2.4,25.8,0,0,-4.3
91,Michael Porter Jr.,DEN,25,10,6,4, 31 ,15.2,5.8,11,52.7,2.4,5.4,44.4,1.2,1.5,80,0.9,4.5,5.4,1.1,1.1,0.7,0.6,1.9,26.1,1,0,2.9
92,Brandon Ingram,NOP,26,9,4,5, 31 ,15.1,5.2,12.8,40.9,1.1,3.3,33.3,3.6,4.7,76.2,0.3,4.7,5,6.7,2,0.7,0.3,2.2,32.1,2,1,1.2
93,John Collins,UTA,26,10,7,3, 25 ,15,6.1,10.2,59.8,0.9,3.2,28.1,1.9,2.1,90.5,1.7,5.8,7.5,1.6,1.2,0.6,0.6,2.9,28.8,2,0,6.1
93,Jrue Holiday,BOS,33,9,6,3, 32 ,15,5.7,11.8,48.1,2.8,6.2,44.6,0.9,0.9,100,0.8,4.2,5,4.4,1.6,0.4,0.6,1.4,29.1,0,0,3.7
93,Vince Williams Jr.,MEM,23,10,6,4, 34 ,15,4.7,9.6,49,2.6,5.6,46.4,3,3.7,81.1,1.9,4.6,6.5,3.6,1.9,1.5,0.8,2.6,33.2,1,0,1.7
96,Chet Holmgren,OKC,21,10,8,2, 31 ,14.9,6.1,12,50.8,1.1,3.9,28.2,1.6,2.6,61.5,1.2,6.4,7.6,3.1,1.5,0.6,2.6,2.7,36.8,1,0,7.4
97,Jabari Smith Jr.,HOU,20,7,2,5, 36 ,14.9,5.7,12.9,44.4,1.6,4.6,34.4,1.9,2.4,76.5,2.6,6.1,8.7,1.1,1.1,0.6,0.6,2.1,29.3,3,0,-7.4
98,Isaiah Stewart,DET,22,5,2,3, 31 ,14.8,5.2,11.2,46.4,1.8,5.4,33.3,2.6,3.6,72.2,1.4,5.2,6.6,2.2,2.2,1,2,2,32.8,0,0,3
98,Ivica Zubac,LAC,26,5,4,1, 28 ,14.8,6.2,8.4,73.8,0,0,0,2.4,3.2,75,4.2,7.2,11.4,1.8,1,0.2,1.4,3,35,2,0,8
98,Jeremy Sochan,SAS,20,10,4,6, 31 ,14.8,5.7,12.2,46.7,1.6,3.8,42.1,1.8,2.1,85.7,2.4,4.7,7.1,3.7,1.6,1.1,0.8,2.1,33,1,0,3.4
101,Nic Claxton,BKN,24,10,2,8, 35 ,14.7,6.6,9.5,69.5,0,0.1,0,1.5,2.9,51.7,3.4,8.7,12.1,1.8,1.8,1.4,1.6,2.9,39.1,7,0,-1.8
102,Caris LeVert,CLE,29,8,7,1, 27 ,14.6,5,12,41.7,2.1,5.3,40.5,2.5,3.5,71.4,0.6,3.4,4,5,1.9,1.1,0.5,1.9,29.9,1,0,5.3
103,Bogdan Bogdanovic,ATL,31,10,4,6, 28 ,14.6,5.2,12.9,40.3,2.3,7,32.9,1.9,2.1,90.5,0.7,2,2.7,2.4,1.4,1.4,0.1,1.7,24.5,0,0,-6
104,Keldon Johnson,SAS,24,10,4,6, 25 ,14.3,5,11.3,44.2,1.2,4,30,3.1,3.7,83.8,1.4,3.2,4.6,1.7,1.5,0.7,0.5,2.1,24.5,1,0,-2.2
104,Malik Monk,SAC,25,10,5,5, 27 ,14.3,5.1,12.7,40.2,1.6,5.8,27.6,2.5,3.6,69.4,0.3,2.2,2.5,6.1,1.9,0.7,0.9,2.3,29.4,0,0,-1.7
104,Norman Powell,LAC,30,10,8,2, 25 ,14.3,5,10.6,47.2,2.3,5.4,42.6,2,2.4,83.3,0.1,3,3.1,0.7,0.6,0.5,0.4,1.4,21.2,0,0,9.8
107,Dillon Brooks,HOU,28,7,2,5, 33 ,14.1,4.7,11.4,41.3,1.9,5.3,35.1,2.9,3.4,83.3,0.6,2.6,3.1,1,0.6,1.1,0.3,3.1,23.1,0,0,-5.9
108,Georges Niang,CLE,30,10,9,1, 24 ,14.1,4.9,8.8,55.7,2.8,6,46.7,1.5,1.7,88.2,0.3,4.8,5.1,1.4,0.5,0,0.4,2.2,23,0,0,8.6
109,Jakob Poeltl,TOR,28,1,1,0, 31 ,14,6,8,75,0,0,0,2,5,40,3,8,11,5,2,0,0,3,32.7,1,0,21
109,Moses Moody,GSW,21,3,1,2, 17 ,14,5,9.7,51.7,2.7,5,53.3,1.3,1.3,100,0.3,1.7,2,0.3,0.3,0.7,0,1.7,18.6,0,0,-4.3
111,Derrick White,BOS,29,9,6,3, 33 ,13.9,5.1,13.2,38.7,2.6,7.3,34.8,1.1,1.2,90.9,0.9,3.6,4.4,3.7,1.3,0.7,0.9,2,28.1,1,0,4.4
111,Luke Kennard,MEM,27,9,5,4, 30 ,13.9,4.8,9.8,48.9,3.6,7.1,50,0.8,1,77.8,0.3,3.2,3.6,4.6,1.6,0.4,0,1.3,24.8,0,0,-1
113,Donte DiVincenzo,NYK,26,10,8,2, 26 ,13.8,4.8,11.2,42.9,3,8.4,35.7,1.2,1.8,66.7,0.8,3,3.8,3.1,1.3,1.1,0.2,1.9,25.6,0,0,7.5
113,Grayson Allen,PHX,28,10,7,3, 34 ,13.8,4.4,8.3,53,3.3,5.9,55.9,1.7,1.8,94.4,0.4,3.3,3.7,3.1,1.5,0.7,0.7,2,25.6,0,0,7.1
115,Jonas Valanciunas,NOP,31,10,5,5, 23 ,13.7,5.1,9.5,53.7,0.6,1.6,37.5,2.9,3.5,82.9,3.5,6,9.5,2,1.3,0.2,0.7,2.6,29.5,5,0,-0.7
116,Austin Reaves,LAL,25,10,6,4, 31 ,13.6,4.9,9.3,52.7,1.4,4,35,2.4,2.7,88.9,0.3,2.3,2.6,5.1,1.6,0.7,0.2,2.2,25.5,0,0,-2.4
117,Sam Merrill,CLE,27,10,9,1, 26 ,13.4,4.5,10.5,42.9,3.7,9,41.1,0.7,0.7,100,0.9,2.7,3.6,2.9,0.3,0.5,0,1.8,23.3,0,0,8.9
118,Aaron Nesmith,IND,24,7,4,3, 28 ,13.1,4.7,9.3,50.8,2.3,4.7,48.5,1.4,2,71.4,1.3,4,5.3,1.4,0.9,0.4,0.1,3.3,22.5,0,0,4.6
119,Harrison Barnes,SAC,31,10,5,5, 27 ,13.1,4.6,9.5,48.4,2.3,5.2,44.2,1.6,1.9,84.2,1,1.3,2.3,0.9,0.7,0.6,0.1,1,18.6,0,0,-3.5
119,Jordan Hawkins,NOP,21,10,5,5, 19 ,13.1,4.4,8,55,2.8,5.2,53.8,1.5,1.9,78.9,0.5,1.7,2.2,1.4,0.9,0.4,0.2,1.2,18.7,0,0,6.6
121,Andrew Nembhard,IND,24,8,4,4, 26 ,12.9,5.3,10.1,51.9,0.8,1.9,40,1.6,2,81.3,0.5,1,1.5,6.4,3.3,1,0.1,1.9,24.4,0,0,-2.4
122,Brook Lopez,MIL,35,10,6,4, 34 ,12.7,5.1,10.2,50,1.3,4.1,31.7,1.2,1.4,85.7,2.2,5.7,7.9,2.6,1,0.5,2.3,2.1,33.5,3,0,2.5
123,Gary Trent Jr.,TOR,25,9,2,7, 26 ,12.7,4.9,9.6,51.2,2.9,5.6,52,0,0,0,0.2,1.1,1.3,1.4,0.6,0.6,0.2,1.6,18.2,0,0,-5
124,Saddiq Bey,ATL,24,10,4,6, 32 ,12.6,3.8,11.5,33,1.5,6.2,24.2,3.5,4,87.5,3.1,2.9,6,1.7,0.4,0.6,0,1.7,23.8,1,0,-8.1
125,Ayo Dosunmu,CHI,24,10,6,4, 26 ,12.4,4.6,8.1,56.8,1.5,2.8,53.6,1.7,1.8,94.4,0.6,1.9,2.5,2.6,1.2,0.7,0.7,2.3,22.3,0,0,1.3
125,Cam Whitmore,HOU,19,10,3,7, 21 ,12.4,4.7,10.3,45.6,1.9,5,38,1.1,1.8,61.1,0.8,4.3,5.1,0.5,0.6,0.6,0.4,1.9,21.7,1,0,0.2
125,Russell Westbrook,LAC,35,10,8,2, 21 ,12.4,4.7,9.8,48,0.9,2.4,37.5,2.1,2.8,75,1.5,2.5,4,4.9,1.6,1.3,0.5,1.7,28.4,1,0,1.9
128,Kevin Huerter,SAC,25,9,5,4, 26 ,12.3,4.6,8.8,51.9,2.6,6,42.6,0.7,1,66.7,0.4,3.4,3.9,3,0.7,1,0.6,2.6,25.5,2,0,2.1
129,Jaden McDaniels,MIN,23,10,7,3, 31 ,12.3,4.9,9.3,52.7,1.7,3.8,44.7,0.8,1,80,0.8,3,3.8,1.4,1.8,1,0.1,2.2,20.5,0,0,6.8
130,Moritz Wagner,ORL,26,8,2,6, 19 ,12.3,3.9,6.8,57.4,0.5,1.8,28.6,4,5,80,1.3,3.1,4.4,1.4,0.6,0.6,0.3,1.9,21.6,0,0,-4
131,Tre Jones,SAS,24,9,4,5, 29 ,12.2,4.7,8.2,56.8,0.9,2.4,36.4,2,2,100,0.6,3.2,3.8,7.6,1.2,1.7,0.1,1.3,32.2,1,0,4.6
132,Deandre Ayton,POR,25,5,2,3, 31 ,12.2,5.8,11.8,49.2,0,0,0,0.6,0.8,75,2.6,7,9.6,1.6,1.6,0.6,0.8,2.2,28.7,2,0,-6.6
133,Bruce Brown,TOR,27,7,2,5, 26 ,12.1,5,9.6,52.2,1,2.3,43.8,1.1,1.4,80,1.4,4.6,6,3,1.6,0.9,0.4,2.4,26.1,1,0,-3.1
134,Aaron Gordon,DEN,28,10,6,4, 33 ,12.1,4.6,8.2,56.1,0.4,1.5,26.7,2.5,3.9,64.1,1.9,4.2,6.1,2.5,1.2,0.4,0.6,2.3,25,2,0,0.2
134,Bobby Portis,MIL,28,10,6,4, 21 ,12.1,4.6,9,51.1,1.4,2.7,51.9,1.5,2,75,0.8,5.8,6.6,0.4,0.8,0.4,0.2,2.3,21.6,2,0,-2.9
136,Bennedict Mathurin,IND,21,10,5,5, 25 ,12,4.3,11.3,38.1,0.6,2.8,21.4,2.8,3.3,84.8,1,2.6,3.6,1.8,1.9,0.3,0.2,1.5,18.6,0,0,-3.4
137,Scoot Henderson,POR,19,10,3,7, 23 ,11.9,3.9,11.2,34.8,1,3.8,26.3,3.1,4.1,75.6,0.7,2.3,3,3.5,2.8,0.6,0.1,1.8,20.1,0,0,-11.4
138,Herbert Jones,NOP,25,10,5,5, 26 ,11.7,4.3,7.7,55.8,1.9,3.8,50,1.2,1.5,80,0.8,2.2,3,2.4,0.7,0.5,0.9,2,22.4,0,0,2.4
138,Tyus Jones,WAS,27,10,1,9, 31 ,11.7,4.8,11.4,42.1,1.6,4.4,36.4,0.5,0.8,62.5,0.5,2.5,3,8.9,0.9,1.1,0.2,0.9,31.7,2,0,-5.1
140,Naz Reid,MIN,24,10,7,3, 22 ,11.6,4.4,9.4,46.8,2.1,4.7,44.7,0.7,1.3,53.8,0.7,3.4,4.1,1.3,1.2,1.1,1,2.3,23.6,2,0,5.7
141,Josh Green,DAL,23,9,5,4, 31 ,11.2,4.4,8.1,54.8,1.8,3.6,50,0.6,1.3,41.7,1.2,3,4.2,2.7,1.3,0.2,0.2,2.4,20.3,0,0,1.1
142,Buddy Hield,IND,31,10,5,5, 26 ,11.2,4,8.1,49.4,2.5,5.7,43.9,0.7,0.8,87.5,0.5,2.6,3.1,3.3,0.9,0.9,0.6,1.9,23.5,0,0,0.2
142,Dennis Schroder,TOR,30,10,2,8, 27 ,11.2,4,8.3,48.2,1.5,3.8,39.5,1.7,1.9,89.5,0.2,1.9,2.1,4.2,1.1,0.5,0.1,2,20.7,0,0,-0.2
142,Spencer Dinwiddie,BKN,30,10,2,8, 27 ,11.2,3.4,7.4,45.9,2.1,5,42,2.3,2.6,88.5,0.2,1.6,1.8,4.2,0.9,0.7,0.2,1.7,21.5,0,0,-3.1
145,Jarace Walker,IND,20,3,1,2, 21 ,11,4.3,10,43.3,2.3,5.3,43.8,0,0,0,2,3,5,2.3,1.3,1.7,0.7,1,26.2,0,0,-5
145,Nick Richards,CHA,26,7,0,7, 28 ,11,4.3,6.9,62.5,0,0,0,2.4,3,81,3.1,5.7,8.9,1.1,0.3,0,1.6,2.6,27.8,2,0,-10.1
145,P.J. Washington,CHA,25,7,2,5, 28 ,11,4,8.1,49.1,1.7,4.1,41.4,1.3,1.9,69.2,1,4,5,1.9,1.4,0.7,1,3.6,23.5,0,0,-5
145,Tre Mann,OKC,22,1,1,0, 18 ,11,4,5,80,3,4,75,0,0,0,1,6,7,4,1,0,0,0,24.4,0,0,13
149,Obi Toppin,IND,25,10,5,5, 22 ,10.9,4.6,7.6,60.5,0.9,2.4,37.5,0.8,1.1,72.7,1.4,3.3,4.7,2,0.9,0.3,0.3,1.7,20.4,1,0,2.7
150,Dario Saric,GSW,29,10,4,6, 21 ,10.8,3.8,6.6,57.6,1.8,3.5,51.4,1.4,1.7,82.4,0.9,3.9,4.8,3.8,1.6,0.8,0.1,1.7,23.4,0,0,-5.9
150,Malik Beasley,MIL,27,10,6,4, 29 ,10.8,3.9,8,48.8,2.6,5.4,48.1,0.4,0.4,100,0.7,2.7,3.4,1.4,0.9,0.5,0.1,2.5,17.9,0,0,2.6
152,Kelly Oubre Jr.,PHI,28,9,5,4, 29 ,10.7,4.1,9.3,44,1.1,3.8,29.4,1.3,2.1,63.2,0.6,3.7,4.2,1.2,1,1.1,0.8,3.7,22.2,0,0,-6.9
153,Cameron Johnson,BKN,27,10,2,8, 27 ,10.6,4,10.7,37.4,2,6,33.3,0.6,1.2,50,0.9,3,3.9,3.2,0.4,0.5,0.3,1.9,22.1,0,0,-3.3
154,Duncan Robinson,MIA,29,10,4,6, 25 ,10.5,3.8,9.4,40.4,1.9,6.1,31.1,1,1,100,0.2,2.1,2.3,2.3,1.7,0.8,0.2,1.9,18,0,0,-3.6
154,Jalen Smith,IND,23,8,4,4, 19 ,10.5,4.3,7,60.7,1,2,50,1,1.6,61.5,2.1,3.8,5.9,1,0.8,0.3,0.9,2.6,21.7,2,0,-4
154,Kentavious Caldwell-Pope,DEN,30,10,6,4, 32 ,10.5,3.6,8.2,43.9,1.7,4.7,36.2,1.6,1.7,94.1,0.4,2.6,3,1.3,1.2,1.6,0.3,1.9,20.6,0,0,0.7
157,Alex Caruso,CHI,29,9,5,4, 31 ,10.4,3.6,8.1,43.8,2.4,6.2,39.3,0.9,1.1,80,0.6,3.1,3.7,3.4,0.9,1.6,1.7,2.8,28.8,0,0,4
157,David Roddy,MEM,22,9,5,4, 26 ,10.4,4.1,9.7,42.5,1.3,3,44.4,0.9,1.1,80,2.1,3.4,5.6,2.6,1.6,0.6,0.1,2.2,21.4,0,0,-5.4
157,Taurean Prince,LAL,29,9,5,4, 30 ,10.4,3.7,8.1,45.2,2.1,5.4,38.8,1,1.3,75,0.1,2.7,2.8,1.7,0.4,0.9,0.4,2.2,19.8,0,0,-7.2
160,Duop Reath,POR,27,10,3,7, 22 ,10.4,4.1,7.9,51.9,1.3,3.5,37.1,0.9,1.5,60,1.7,3.2,4.9,1.7,0.7,0.4,0.7,2.8,21.4,0,0,-8.5
161,Daniel Gafford,WAS,25,8,1,7, 29 ,10.4,4.4,5.9,74.5,0,0,0,1.6,2.4,68.4,2.3,5.4,7.6,1.6,1.4,1.1,2.4,3.4,31.1,0,0,-2.1
161,Jabari Walker,POR,21,8,3,5, 31 ,10.4,3.6,7.9,46,1,2.6,38.1,2.1,3,70.8,2.3,7.1,9.4,1.3,1,0.5,0.4,2.1,25.1,3,0,-8.4
163,Luguentz Dort,OKC,24,9,7,2, 28 ,10.3,3.4,8.2,41.9,2.1,5.6,38,1.3,1.8,75,1,2.2,3.2,0.9,1.2,0.8,0.4,3,18,0,0,8
163,Trey Murphy III,NOP,23,9,4,5, 24 ,10.3,3.4,9.4,36.5,2.2,7.6,29.4,1.2,1.9,64.7,0.6,3,3.6,2.3,0.3,0.7,0.3,1.2,20.8,0,0,2.6
165,Landry Shamet,WAS,26,7,0,7, 13 ,10.1,3,6,50,1.3,3.1,40.9,2.9,3,95.2,0.6,0.3,0.9,1.3,0.7,0.6,0.4,2.3,15.4,0,0,0.7
166,Andrew Wiggins,GSW,28,10,4,6, 26 ,10.1,4.1,9.4,43.6,0.9,3.2,28.1,1,1.5,66.7,1.2,2.3,3.5,2,0.8,0.3,0.6,1.9,19.2,0,0,-7.4
166,Keyonte George,UTA,20,10,7,3, 22 ,10.1,2.9,7.8,37.2,1.4,4.6,30.4,2.9,3.3,87.9,0,2.2,2.2,4,1.9,0.4,0,0.6,18,0,0,1.1
168,Corey Kispert,WAS,24,10,1,9, 19 ,10,3.6,7.2,50,1.5,4.1,36.6,1.3,1.3,100,0.3,2.2,2.5,1.4,1.4,0.4,0.1,0.8,15.2,0,0,-4.4
168,Jalen Suggs,ORL,22,10,3,7, 23 ,10,3.7,8.6,43,1.8,4.8,37.5,0.8,1.1,72.7,0.9,2.2,3.1,1.6,1.4,0.8,0.4,2.7,18.3,0,0,-6
168,Payton Pritchard,BOS,25,10,7,3, 23 ,10,3.4,7.2,47.2,1.9,4.5,42.2,1.3,1.3,100,1,2.6,3.6,3.1,0.5,0.4,0.2,1.1,20.3,0,0,6.7
168,Santi Aldama,MEM,23,6,4,2, 23 ,10,3.7,9.3,39.3,1.3,5,26.7,1.3,2,66.7,0.8,5.3,6.2,2.3,1.8,0.7,1.2,1.7,24.6,0,0,-4.7
172,Josh Giddey,OKC,21,10,8,2, 24 ,9.9,3.9,8.6,45.3,0.6,2.8,21.4,1.5,1.8,83.3,1.3,5.7,7,4.8,0.9,0.5,0.5,0.8,27.6,2,1,8.3
173,Derrick Jones Jr.,DAL,26,9,4,5, 28 ,9.9,4,7.3,54.5,1.1,3.1,35.7,0.8,1.2,63.6,0.9,2.6,3.4,1.1,1.2,0.4,0.7,2.4,17.8,1,0,-9.3
173,Trayce Jackson-Davis,GSW,23,9,4,5, 20 ,9.9,4.3,5.8,75,0,0,0,1.2,2.3,52.4,1.9,3.4,5.3,1.3,1,0.4,1.3,1.6,22.6,1,0,-2.4
175,Patrick Williams,CHI,22,7,4,3, 27 ,9.7,3.4,8.7,39.3,1.6,4.4,35.5,1.3,1.4,90,0.7,2.6,3.3,1.9,1.7,1.1,0.6,2.9,19.9,0,0,-3
176,Max Strus,CLE,27,10,9,1, 28 ,9.7,3.7,8.2,45.1,1.6,5,32,0.7,0.8,87.5,0.9,3.4,4.3,3.4,1.3,0.9,0.3,1.8,22.3,0,0,11.9
177,Chris Paul,GSW,38,3,2,1, 28 ,9.7,3.3,5.7,58.8,2,3.3,60,1,2,50,0.3,3.7,4,4.7,0.7,0,0.3,1.7,21.8,0,0,-0.7
177,GG Jackson,MEM,19,9,5,4, 17 ,9.7,3.1,5.8,53.8,1.6,3,51.9,1.9,2.7,70.8,0.9,2.4,3.3,0.8,0.7,0.3,0.6,1.4,16.8,0,0,2.1
179,Caleb Martin,MIA,28,8,3,5, 27 ,9.5,3.3,7.5,43.3,1.3,3.1,40,1.8,1.8,100,1,3,4,2.3,1,0.8,0.4,1.3,20.1,0,0,-7
180,Brandin Podziemski,GSW,20,10,4,6, 28 ,9.4,4,8.9,44.9,1.1,3.4,32.4,0.3,0.9,33.3,1.3,3.8,5.1,3.3,0.8,0.6,0,2.1,21.5,1,0,-0.9
180,Miles McBride,NYK,23,10,8,2, 18 ,9.4,3.4,7.6,44.7,2.1,4.5,46.7,0.5,0.7,71.4,0.3,1.4,1.7,1.7,0.9,0.8,0.3,1.8,16.4,0,0,1.2
182,Day'Ron Sharpe,BKN,22,3,1,2, 15 ,9.3,3,5.7,52.9,0,0,0,3.3,4.7,71.4,2.7,4,6.7,1.7,0.3,0.7,0.7,3,23.5,1,0,-3.7
183,Terance Mann,LAC,27,10,8,2, 24 ,9.3,3.5,6,58.3,1.6,3,53.3,0.7,0.9,77.8,1.4,1.4,2.8,1.7,0.7,0.3,0.2,2,16,0,0,5
184,Rui Hachimura,LAL,25,7,4,3, 21 ,9.3,3.3,7.1,46,1,2.6,38.9,1.7,2.1,80,0.9,2,2.9,1.3,0.6,0.9,0.4,1.1,17.9,0,0,3.9
185,Clint Capela,ATL,29,9,3,6, 24 ,9.2,3.6,7.1,50,0,0,0,2.1,3.4,61.3,3.7,5.1,8.8,0.6,0.7,0.3,1.4,1.7,25.3,3,0,-5.8
186,Mike Conley,MIN,36,7,6,1, 29 ,9.1,3.1,8.3,37.9,2.3,6,38.1,0.6,0.7,80,0.4,2.6,3,7.1,1.1,1.1,0.4,1.6,27,2,0,9.1
187,Dereck Lively II,DAL,19,5,2,3, 26 ,9,4.2,5.2,80.8,0,0,0,0.6,0.8,75,3.8,5,8.8,1.8,1.2,0.6,1.4,3,27.1,1,0,-3.6
187,Scotty Pippen Jr.,MEM,23,2,1,1, 15 ,9,3,4.5,66.7,0.5,0.5,100,2.5,2.5,100,0.5,3,3.5,3.5,1.5,0,0,0.5,17,0,0,3.5
189,Andre Drummond,CHI,30,10,6,4, 17 ,8.9,3.7,5.6,66.1,0,0,0,1.5,2.6,57.7,2.8,4.9,7.7,0.6,1.2,1.1,0.8,1,23.5,2,0,-0.2
190,Al Horford,BOS,37,8,6,2, 29 ,8.9,3.1,5.8,54.3,2.4,4.3,55.9,0.3,0.3,100,0.9,6,6.9,2.4,0.6,0.4,0.4,2,22.3,1,0,7.8
191,Onyeka Okongwu,ATL,23,10,4,6, 25 ,8.8,3.6,6.3,57.1,0.1,0.5,20,1.5,1.9,78.9,2.8,4.2,7,1.3,1.6,0.2,1,3.9,21.2,1,0,-4.9
192,Kelly Olynyk,UTA,32,10,7,3, 17 ,8.7,3.5,6,58.3,0.8,1.5,53.3,0.9,1.3,69.2,0.8,3.5,4.3,3.2,1.6,0.5,0.2,3,19.2,1,0,0.4
193,Jusuf Nurkic,PHX,29,10,7,3, 26 ,8.6,3.5,6.6,53,0.2,0.5,40,1.4,2.1,66.7,2.3,8.3,10.6,3.8,2.2,1.1,0.6,3.1,29.9,3,0,7.3
193,Kevin Knox II,DET,24,10,2,8, 21 ,8.6,3.2,7.1,45.1,1.3,3.5,37.1,0.9,1,90,0.8,2.1,2.9,1,0.5,0.4,0.4,1.5,15.5,0,0,-7
193,Simone Fontecchio,UTA,28,10,7,3, 26 ,8.6,3.2,7.1,45.1,1.9,4.9,38.8,0.3,0.3,100,1,3.3,4.3,2,1.3,0.5,0.2,1.6,17.6,0,0,6.7
193,T.J. McConnell,IND,31,10,5,5, 21 ,8.6,3.9,7.8,50,0.1,0.3,33.3,0.7,0.9,77.8,0.3,1.8,2.1,6.7,2.2,1.2,0.1,1.4,22.9,1,0,-1
197,Danilo Gallinari,DET,35,2,0,2, 13 ,8.5,2,2.5,80,1,1,100,3.5,4,87.5,0,2,2,2.5,0,0,0,1,14.7,0,0,14
198,Josh Richardson,MIA,30,10,4,6, 22 ,8.3,3.1,7.2,43.1,1.3,3.7,35.1,0.8,0.8,100,0.3,1.9,2.2,1.2,0.9,0.4,0.6,1.7,14.8,0,0,-6.6
198,Ziaire Williams,MEM,22,10,6,4, 21 ,8.3,2.9,8,36.3,1.2,4.2,28.6,1.3,1.7,76.5,1.1,2.1,3.2,1.8,1.5,1.2,0,2,16.9,0,0,-5
200,Isaac Okoro,CLE,23,10,9,1, 26 ,8.2,3.1,6.6,47,0.8,2.1,38.1,1.2,2.2,54.5,1.2,1.9,3.1,1.5,0.9,0.7,0.3,2.1,16.3,0,0,10.1
200,Larry Nance Jr.,NOP,31,10,5,5, 20 ,8.2,3,4.6,65.2,0.9,1.6,56.3,1.3,1.4,92.9,1.1,4.3,5.4,2.2,0.6,1.2,0.6,0.8,22.8,0,0,5.3
200,Quentin Grimes,NYK,23,10,8,2, 18 ,8.2,2.7,6.8,39.7,1.7,5,34,1.1,1.3,84.6,0.3,2,2.3,1.3,0.8,0.7,0.1,1.3,14.5,0,0,0
200,Reggie Jackson,DEN,33,10,6,4, 22 ,8.2,3.3,7.1,46.5,0.9,2.7,33.3,0.7,0.8,87.5,0.5,1.1,1.6,3,1.3,0.6,0.1,1.5,15.4,0,0,1.5
204,Amen Thompson,HOU,20,10,3,7, 17 ,8.1,3.1,5.9,52.5,0.1,0.8,12.5,1.8,2.2,81.8,1.5,3.5,5,2.7,1.2,1.3,0.6,2,22.7,2,0,-0.5
204,Julian Champagnie,SAS,22,10,4,6, 19 ,8.1,2.7,5.9,45.8,1.7,4.2,40.5,1,1,100,0.5,2.9,3.4,1.5,0.8,0.7,0.3,1.2,16.6,0,0,0.8
206,Caleb Houstan,ORL,21,9,3,6, 24 ,8,2.6,7.7,33.3,2.2,7.1,31.3,0.7,1,66.7,1.1,1.1,2.2,1.3,0.6,0.3,0,1.9,13.1,0,0,-2.4
206,De'Anthony Melton,PHI,25,2,1,1, 23 ,8,2.5,8,31.3,2,6,33.3,1,1,100,1,2.5,3.5,2.5,1,0.5,0,1.5,16.5,0,0,5
206,Draymond Green,GSW,33,3,1,2, 26 ,8,2.3,4.3,53.8,1,1.7,60,2.3,3.3,70,0.3,5,5.3,6,2.3,2,0.7,3.3,29.1,0,0,11.3
206,Eric Gordon,PHX,35,7,5,2, 26 ,8,2.7,8.1,33.3,1.4,6.4,22.2,1.1,1.3,88.9,0.3,2,2.3,1.7,1,0.9,0.1,0.7,15.3,0,0,2.1
206,Jared Butler,WAS,23,1,0,1, 4 ,8,3,3,100,2,2,100,0,0,0,0,0,0,2,0,0,0,0,11,0,0,5
206,Shaedon Sharpe,POR,20,2,0,2, 22 ,8,3.5,11,31.8,0.5,4,12.5,0.5,0.5,100,2,3,5,2.5,1,1,0.5,2,21.3,0,0,-31
206,Talen Horton-Tucker,UTA,23,1,0,1, 8 ,8,2,7,28.6,0,2,0,4,4,100,0,3,3,2,0,1,0,0,17.6,0,0,-5
213,Xavier Tillman,MEM,25,9,6,3, 23 ,7.9,3.4,7.7,44.9,0.2,1.4,15.4,0.8,1.7,46.7,2,3.2,5.2,2.3,1.2,1.3,1.4,1.9,24.8,1,0,2
214,Zach Collins,SAS,26,5,2,3, 20 ,7.8,2.8,8,35,0.4,3,13.3,1.8,2.8,64.3,1.8,2,3.8,2.6,1.8,0.4,0.4,2.8,16.9,0,0,-6.6
215,Sasha Vezenkov,SAC,28,6,1,5, 12 ,7.7,3.2,5.7,55.9,1.2,2.8,41.2,0.2,0.3,50,1.7,0.8,2.5,0.2,0.3,0.3,0.2,0.5,12.1,0,0,-4.5
216,Jaden Hardy,DAL,21,10,5,5, 17 ,7.6,2.8,6.8,41.2,1.3,3.5,37.1,0.7,0.9,77.8,0.4,2.1,2.5,1.9,0.8,0.2,0,1.1,13.3,0,0,-1.3
217,Christian Wood,LAL,28,9,6,3, 16 ,7.6,2.7,5.6,48,0.8,2.3,33.3,1.4,1.8,81.3,0.6,4.9,5.4,1.3,0.8,0.6,1.3,1.7,21,0,0,0.2
218,Cameron Payne,MIL,29,6,3,3, 12 ,7.5,2.7,5,53.3,1.3,2.8,47.1,0.8,1.2,71.4,0,1.3,1.3,1,0.2,0.5,0.2,0.5,12.4,0,0,-1.5
218,Dante Exum,DAL,28,2,1,1, 23 ,7.5,2.5,5,50,1.5,1.5,100,1,2,50,0,1,1,2.5,0.5,0,0,1.5,12,0,0,-6
220,Dennis Smith Jr.,BKN,26,9,2,7, 23 ,7.4,3.1,6.8,45.9,0.6,1.9,29.4,0.7,0.8,85.7,1.6,2.7,4.2,4.7,1.7,1.7,0.4,2.7,24.2,2,0,-1.9
221,Cole Anthony,ORL,23,10,3,7, 21 ,7.4,2.7,8.1,33.3,0.4,2.6,15.4,1.6,2.1,76.2,0.6,3.2,3.8,2.4,1.8,0.9,0.6,1.9,18.3,0,0,0.2
222,Jarred Vanderbilt,LAL,24,10,6,4, 23 ,7.3,2.8,4.6,60.9,0.5,1,50,1.2,2,60,1.8,4,5.8,1.5,1.5,1.6,0.2,1.4,20.4,0,0,1.9
223,Mason Plumlee,LAC,33,7,6,1, 16 ,7.1,2.6,4,64.3,0,0,0,2,2.9,70,1.1,3.7,4.9,1.6,0.3,0.1,0.4,1.4,16.8,1,0,2.7
224,Marcus Morris Sr.,PHI,34,8,5,3, 20 ,7.1,2.3,5.9,38.3,1.1,3.1,36,1.5,1.6,92.3,1,2.8,3.8,0.5,0.5,0.3,0.3,1.3,13.4,0,0,-1.4
225,Dean Wade,CLE,27,10,9,1, 22 ,7,2.3,4.6,50,2,3.8,52.6,0.4,0.5,80,0.2,3.7,3.9,0.8,0.4,1,0.2,1.5,16.1,0,0,10.5
225,Dominick Barlow,SAS,20,6,2,4, 20 ,7,2.7,5.5,48.5,0.3,0.5,66.7,1.3,2.3,57.1,2.2,3.7,5.8,1.8,0.2,0.3,1.2,1.5,21.1,0,0,1.8
225,Greg Brown III,DAL,22,1,1,0, 12 ,7,3,5,60,1,2,50,0,0,0,1,1,2,1,1,0,3,2,18.9,0,0,5
225,Isaiah Joe,OKC,24,10,8,2, 17 ,7,2.5,5.2,48.1,1.6,3.7,43.2,0.4,0.4,100,0.9,1.9,2.8,1.4,0.4,0.7,0.1,1.2,14.5,0,0,2.9
225,Lonnie Walker IV,BKN,25,9,2,7, 13 ,7,2.8,6,46.3,1.4,3.4,41.9,0,0,0,0.2,1.1,1.3,0.8,0.7,0.7,0.2,1.4,11.8,0,0,0.4
225,Monte Morris,DET,28,1,1,0, 11 ,7,3,4,75,1,1,100,0,0,0,0,3,3,3,0,0,0,0,15.1,0,0,3
225,Nickeil Alexander-Walker,MIN,25,10,7,3, 24 ,7,2.5,5.3,47.2,1.4,3.6,38.9,0.6,0.8,75,0.3,1.8,2.1,2.9,1,0.7,0.5,1.9,16.5,0,0,2.2
225,Walker Kessler,UTA,22,10,7,3, 21 ,7,2.9,3.7,78.4,0,0,0,1.2,2.7,44.4,1.8,4.2,6,0.8,0.6,0.6,2.5,2.6,24.1,0,0,0.2
233,Patrick Beverley,PHI,35,8,4,4, 24 ,6.9,2.4,6.8,35.2,0.9,3.3,26.9,1.3,1.6,76.9,0.5,3.8,4.3,4.1,1.5,0.6,0.5,1.8,20,0,0,-0.6
234,Kevin Love,MIA,35,6,2,4, 15 ,6.8,2,5.5,36.4,0.7,3.2,21.1,2.2,2.7,81.3,1.5,3,4.5,1.3,1.2,0.5,0,1.7,14.6,0,0,-5.5
235,Nick Smith Jr.,CHA,19,10,2,8, 20 ,6.8,2.7,7.1,38,1.3,3.1,41.9,0.1,0.2,50,0.7,1.8,2.5,1.6,1.6,0.1,0,1.2,10.9,0,0,-10.6
236,Aaron Wiggins,OKC,25,9,8,1, 14 ,6.8,2.8,4.6,61,1,1.3,75,0.2,0.2,100,0.3,1.3,1.7,1.1,0.3,0.4,0.2,1.4,12.1,0,0,0.8
237,Isaiah Hartenstein,NYK,25,8,6,2, 34 ,6.8,2.6,4.4,60,0,0,0,1.5,2,75,3.9,10.1,14,2.8,2,1.8,1.3,3,34.7,1,0,11.4
237,Malaki Branham,SAS,20,8,3,5, 16 ,6.8,2.6,6,43.8,0.8,2.5,30,0.8,0.8,100,0.1,1.3,1.4,1.5,0.6,0.6,0.1,0.6,12.3,0,0,-5.3
239,Cason Wallace,OKC,20,10,8,2, 19 ,6.7,2.5,5.2,48.1,1.3,3.2,40.6,0.4,0.5,80,1.1,1.8,2.9,1.1,0.6,1,0.3,1.6,15.1,0,0,3.5
239,Naji Marshall,NOP,26,10,5,5, 16 ,6.7,2.4,5.3,45.3,0.6,1.5,40,1.3,1.4,92.9,0.9,1.7,2.6,1.2,1,0.6,0,1.7,12.4,0,0,3.3
241,Doug McDermott,SAS,32,9,4,5, 14 ,6.7,2.3,5,46.7,1.8,4,44.4,0.2,0.3,66.7,0.3,0.9,1.2,1,0.7,0.1,0,0.8,9.3,0,0,-1.1
242,Garrison Mathews,ATL,27,8,3,5, 17 ,6.6,2.1,4.4,48.6,1.9,4,46.9,0.5,0.9,57.1,0.4,1.4,1.8,0.9,0.9,0.1,0,1.6,9.5,0,0,1.3
243,Chuma Okeke,ORL,25,9,3,6, 24 ,6.6,2.4,6.6,37.3,1.4,4.9,29.5,0.2,0.3,66.7,1.1,3.2,4.3,0.9,0.4,0.4,0.4,1,15.3,0,0,-5.1
244,Cam Reddish,LAL,24,6,3,3, 17 ,6.5,2.3,4.7,50,1.3,2.8,47.1,0.5,1.3,37.5,0.2,1.5,1.7,0.5,1.3,1,0.7,1,12.9,0,0,-1.3
244,Haywood Highsmith,MIA,27,10,4,6, 22 ,6.5,2.3,4.8,47.9,1.5,2.5,60,0.4,0.5,80,0.8,2.3,3.1,0.8,0.3,0.9,0.3,1.4,14.7,0,0,-5.6
244,Markelle Fultz,ORL,25,8,3,5, 21 ,6.5,3.1,6,52.1,0,0,0,0.3,0.9,28.6,1,1.8,2.8,3.4,1.4,1,0.4,2,17.6,0,0,-0.3
244,Paul Reed,PHI,24,10,6,4, 16 ,6.5,2.9,5.5,52.7,0.1,0.5,20,0.6,0.9,66.7,2.2,3.5,5.7,0.8,0.4,0.7,0.9,2,18.9,0,0,1.3
248,Trey Lyles,SAC,28,9,5,4, 21 ,6.4,2.1,5.4,38.8,1.7,4.1,40.5,0.6,0.9,62.5,0.9,3.3,4.2,1.3,0.3,0.3,0,1.2,14.2,0,0,6.8
249,Ausar Thompson,DET,20,10,2,8, 20 ,6.4,2.7,5.3,50.9,0.2,1.2,16.7,0.8,1.7,47.1,1.5,4.3,5.8,1.2,0.7,1,0.3,2.6,18.4,0,0,1.9
249,Kyle Anderson,MIN,30,10,7,3, 22 ,6.4,2.4,4.8,50,0.2,0.5,40,1.4,2,70,0.6,2.5,3.1,4.6,0.6,0.7,0.3,2.1,19.4,0,0,-0.7
251,Marcus Sasser,DET,23,10,2,8, 14 ,6.3,2.4,5.8,41.4,0.4,1.8,22.2,1.1,1.1,100,0.2,1.2,1.4,3.5,1,0.4,0.3,1,14.3,0,0,0.8
252,Jose Alvarado,NOP,25,7,3,4, 13 ,6.3,2.1,6,35.7,1.3,3.7,34.6,0.7,0.9,83.3,0.1,1,1.1,1.6,0.4,0.6,0.1,0.7,11.7,0,0,0.9
253,Sam Hauser,BOS,26,9,7,2, 19 ,6.2,2.1,5.4,38.8,1.7,4.7,35.7,0.3,0.3,100,0.4,3.1,3.6,1.1,0.6,0.2,0.3,0.7,13.3,0,0,4.1
254,Bilal Coulibaly,WAS,19,10,1,9, 25 ,6.2,2.1,6,35,0.6,2.1,28.6,1.4,1.8,77.8,0.8,2.7,3.5,1.9,1.2,0.6,0.9,2.3,16.6,0,0,-4.2
254,Cedi Osman,SAS,28,10,4,6, 15 ,6.2,2.3,3.9,59,1,2.3,43.5,0.6,0.9,66.7,0.4,2.6,3,1.3,0.6,0.5,0.2,1.5,13.3,0,0,-2.7
254,Kevon Looney,GSW,27,10,4,6, 18 ,6.2,2.6,3.4,76.5,0,0,0,1,1.3,76.9,2.3,3,5.3,1.7,0.4,0.2,0.5,2.5,16.8,0,0,-1.5
254,Nicolas Batum,PHI,35,10,6,4, 28 ,6.2,2.4,4.5,53.3,1.3,2.9,44.8,0.1,0.2,50,1.9,2.5,4.4,2.8,0.9,1.1,1.1,2.6,21.4,0,0,0.3
258,Amir Coffey,LAC,26,10,8,2, 18 ,6,2.4,3.4,70.6,0.9,1.4,64.3,0.3,0.4,75,0.3,1.5,1.8,0.5,0.5,0.7,0,1.7,10.5,0,0,-0.3
258,Bol Bol,PHX,24,1,1,0, 17 ,6,2,3,66.7,0,0,0,2,2,100,2,4,6,2,0,2,2,1,28.2,0,0,9
258,Chris Boucher,TOR,31,10,2,8, 14 ,6,2.2,4.6,47.8,0.6,2.3,26.1,1,1.3,76.9,1.4,3.3,4.7,0.6,0.6,0.3,0.2,0.8,13.4,0,0,0.4
258,Craig Porter Jr.,CLE,23,7,6,1, 13 ,6,2.4,4,60.7,0,0.1,0,1.1,1.4,80,0.3,2.3,2.6,2.6,1.6,0.1,0.1,0.9,12.2,0,0,5
258,Grant Williams,DAL,25,9,4,5, 20 ,6,2,5.1,39.1,1,3.6,28.1,1,1,100,0.4,2.2,2.7,2.2,1.2,0.3,0.4,3.1,13.6,0,0,-2.8
258,Isaiah Jackson,IND,22,7,4,3, 12 ,6,2.6,4,64.3,0,0,0,0.9,1.4,60,1.1,2,3.1,0.9,1.1,1,1.3,2.3,16.8,0,0,0.9
258,Jonathan Isaac,ORL,26,6,2,4, 15 ,6,2,3.7,54.5,0.3,1.2,28.6,1.7,2,83.3,1,2.5,3.5,0.7,0,0.3,0.5,0.7,13.7,0,0,4.2
258,Mo Bamba,PHI,25,4,1,3, 14 ,6,2.5,5,50,0.5,1.3,40,0.5,1.3,40,2.3,1.8,4,1,0.8,1.3,2,2,21.3,0,0,0
258,Oshae Brissett,BOS,25,8,6,2, 11 ,6,2,3.8,53.3,0.4,1.5,25,1.6,2.3,72.2,0.9,2.1,3,0.9,0.5,0.4,0.1,1.3,11.9,0,0,1.1
258,Peyton Watson,DEN,21,10,6,4, 17 ,6,2.1,6.3,33.3,0.8,2.9,27.6,1,1.2,83.3,0.6,2.1,2.7,0.8,0.6,0.4,1.1,1.4,14.3,0,0,-3.1
258,Thaddeus Young,TOR,35,10,2,8, 19 ,6,2.8,4.9,57.1,0.1,0.4,25,0.3,0.6,50,1.5,2.4,3.9,2.9,0.3,1.4,0.2,2.3,19.5,0,0,-1.6
269,Josh Hart,NYK,28,9,7,2, 27 ,5.9,2.3,6.4,36.2,0.6,2.8,20,0.7,0.8,85.7,1.6,5.4,7,1.9,1.4,0.6,0.3,1.7,18.3,1,0,7.1
270,Jae Crowder,MIL,33,5,3,2, 17 ,5.8,2,5.6,35.7,1.6,4.4,36.4,0.2,0.4,50,0.2,2,2.2,0.4,0.8,0.4,0,1.6,9.4,0,0,-5.8
270,Royce O'Neale,BKN,30,10,2,8, 20 ,5.8,2.1,5.7,36.8,1.3,4.6,28.3,0.3,0.4,75,0.7,3.4,4.1,2.3,1.3,0.5,0.3,2.4,15.3,0,0,0.2
270,Toumani Camara,POR,23,10,3,7, 22 ,5.8,2.1,5.2,40.4,0.3,1.7,17.6,1.3,1.6,81.3,1.8,2.8,4.6,1,1.2,1.1,0.6,2,16.7,0,0,-4.7
273,Nikola Jovic,MIA,20,9,4,5, 20 ,5.8,2.1,6.3,33.3,1,2.8,36,0.6,1.2,45.5,1.2,3.4,4.7,2.2,1.3,0.3,0.7,1.8,16.4,0,0,6.2
274,Aaron Holiday,HOU,27,10,3,7, 14 ,5.7,1.8,3.6,50,0.7,2.2,31.8,1.4,1.5,93.3,0.1,1.6,1.7,1.7,0.6,0.8,0,1,12.1,0,0,0.6
274,Pat Connaughton,MIL,31,10,6,4, 19 ,5.7,2,3.4,58.8,1.5,2.7,55.6,0.2,0.2,100,0.1,1.5,1.6,1.1,0.1,0.3,0.2,1.6,10.7,0,0,-2.2
276,Isaiah Livers,WAS,25,5,0,5, 20 ,5.6,2,4.2,47.6,1.2,2.6,46.2,0.4,0.4,100,1,1.2,2.2,1.2,0,0.6,0.4,2.2,13,0,0,-4.8
277,Danuel House Jr.,PHI,30,7,5,2, 19 ,5.6,1.9,3.4,54.2,0.4,1.1,37.5,1.4,2.1,66.7,0.4,2.1,2.6,0.9,0.6,0.6,0.3,2,11.9,0,0,0
278,Dorian Finney-Smith,BKN,30,10,2,8, 28 ,5.5,1.9,7.1,26.8,1.2,5.3,22.6,0.5,0.6,83.3,1,2.9,3.9,1.9,0.8,0.6,0.9,2.4,16.7,0,0,0
278,Tristan Thompson,CLE,32,8,8,0, 16 ,5.5,2.5,4.1,60.6,0,0.1,0,0.5,1.9,26.7,1.5,3.5,5,1.9,1.3,0.3,0.4,1.9,14.9,0,0,6
280,Blake Wesley,SAS,20,10,4,6, 16 ,5.2,2.3,4.2,54.8,0.1,0.9,11.1,0.5,0.9,55.6,0.4,1.3,1.7,3.2,0.8,0.5,0.1,1.8,13,0,0,-0.8
281,Joe Ingles,ORL,36,7,2,5, 19 ,5.1,2,5,40,1.1,3.3,34.8,0,0.1,0,0.4,1.4,1.9,3,1.6,0.7,0,1.7,12.4,0,0,-1.6
282,Jeff Green,HOU,37,9,3,6, 19 ,5.1,1.8,4,44.4,0.3,1.3,25,1.2,1.4,84.6,0.4,1.9,2.3,0.8,0.6,0.2,0.7,1.4,11.2,0,0,-5.2
283,Kris Dunn,UTA,29,10,7,3, 20 ,5.1,2.2,3.5,62.9,0.6,1.3,46.2,0.1,0.2,50,0.9,2.4,3.3,5.1,1.1,1.2,0.8,2.6,21.6,0,0,8.6
283,Luke Kornet,BOS,28,10,7,3, 17 ,5.1,2.1,3,70,0,0,0,0.9,1,90,1.5,2.7,4.2,1.1,0.6,0.2,1.2,1.8,15.4,0,0,1.3
285,Cody Martin,CHA,28,6,1,5, 25 ,5,1.8,6,30.6,0.5,2.3,21.4,0.8,1.2,71.4,0.8,2.3,3.2,2.5,1.2,1,1.2,2,17.9,0,0,-7.8
285,Daniel Theis,LAC,31,10,8,2, 18 ,5,2.1,4,52.5,0.3,1,30,0.5,0.7,71.4,2,2.1,4.1,1.2,0.8,0.6,1.1,2,16,0,0,3.6
285,Goga Bitadze,ORL,24,8,2,6, 20 ,5,2.4,3.8,63.3,0,0.4,0,0.3,0.8,33.3,3.1,4.6,7.8,1.9,0.5,0.8,1,2.8,21.9,2,0,-3.1
285,Jevon Carter,CHI,28,8,5,3, 11 ,5,2,4.6,43.2,1,2.9,34.8,0,0,0,0.1,0.9,1,1.1,0.4,0,0,0.6,7.5,0,0,-1.9
285,Kris Murray,POR,23,8,2,6, 16 ,5,1.9,5.1,36.6,0.6,2.6,23.8,0.6,0.9,71.4,0.6,1.3,1.9,0.6,1,0.9,0.1,0.8,10.2,0,0,-3.5
285,Rayan Rupert,POR,19,6,0,6, 10 ,5,1.8,3.8,47.8,0.8,1.5,55.6,0.5,0.7,75,0.7,1.8,2.5,1.2,0.3,0,0,0.5,9.4,0,0,2.7
291,Kenrich Williams,OKC,29,10,8,2, 14 ,4.9,2.1,4.2,50,0.7,2.3,30.4,0,0,0,0.7,3,3.7,0.7,0.7,0.7,0.2,0.7,12.4,0,0,2.4
292,Patty Mills,ATL,35,7,2,5, 13 ,4.9,1.9,4,46.4,1.1,2.4,47.1,0,0,0,0.3,0.6,0.9,1,0.6,0.7,0,1.1,9,0,0,-5.4
293,Max Christie,LAL,20,10,6,4, 15 ,4.7,1.5,3.3,45.5,0.7,1.5,46.7,1,1.2,83.3,0.4,1.6,2,1.3,0.7,0.2,0.3,1,9.9,0,0,2
294,A.J. Lawson,DAL,23,6,2,4, 10 ,4.7,1.5,3.5,42.9,0.7,1.8,36.4,1,1.2,85.7,0.5,1.2,1.7,0.7,0.5,0.3,0.2,1.2,8.7,0,0,4.5
294,Jake LaRavia,MEM,22,3,1,2, 8 ,4.7,1.7,3.7,45.5,0.7,1.3,50,0.7,0.7,100,0.7,1,1.7,0.3,0,0,0.3,1.3,8.2,0,0,0
294,Skylar Mays,LAL,26,3,1,2, 9 ,4.7,2,3.3,60,0.7,0.7,100,0,0,0,0.3,0.3,0.7,1.3,0,0.7,0,1,9.5,0,0,-0.7
297,Delon Wright,WAS,31,10,1,9, 15 ,4.6,1.8,5,36,0.5,1,50,0.5,0.8,62.5,0.6,1.1,1.7,2.4,0,0.8,0.3,0.9,13.5,0,0,-0.8
297,Gradey Dick,TOR,20,5,1,4, 15 ,4.6,1.8,4,45,1,2.8,35.7,0,0,0,0.4,1.6,2,1.8,0.6,0.8,0,1.4,11.5,0,0,1.2
297,JaVale McGee,SAC,36,5,3,2, 7 ,4.6,1.4,3.2,43.8,0,0.4,0,1.8,2,90,1,2.6,3.6,0.4,0.6,0.2,0.4,0.4,10.7,0,0,-3.6
297,Svi Mykhailiuk,BOS,26,5,3,2, 8 ,4.6,1.4,2.8,50,1.2,2,60,0.6,1.2,50,0.4,0.2,0.6,0.2,0.2,0.2,0,0.2,6,0,0,-1.4
301,Dyson Daniels,NOP,20,10,5,5, 21 ,4.5,1.9,3.9,48.7,0.4,1.3,30.8,0.3,0.8,37.5,1.1,2.4,3.5,2.9,1,1.1,0.1,1.6,15.7,0,0,4.3
301,Patrick Baldwin Jr.,WAS,21,6,1,5, 9 ,4.5,1.5,2.5,60,1,1.7,60,0.5,1,50,0.5,2.5,3,0.5,0.7,0.2,0.3,2,9.7,0,0,4.7
301,Precious Achiuwa,NYK,24,10,8,2, 15 ,4.5,2.1,4,52.5,0,0.4,0,0.3,0.4,75,2.5,3.1,5.6,0.7,0.8,0.3,0.6,1.5,14.2,1,0,3.5
304,Matisse Thybulle,POR,26,9,3,6, 19 ,4.4,1.6,3.8,41.2,0.9,2.8,32,0.4,0.4,100,0.3,0.9,1.2,1.6,0.2,1.6,0.4,1.9,14,0,0,-7.6
305,Bryce McGowens,CHA,21,7,1,6, 11 ,4.4,1.7,3.4,50,0.4,1.6,27.3,0.6,0.7,80,0.1,0.7,0.9,0.6,0.7,0.1,0,0.4,6,0,0,-4.1
306,Jontay Porter,TOR,24,10,2,8, 16 ,4.4,1.6,4.9,32.7,0.6,2.4,25,0.6,0.6,100,1.1,2.3,3.4,2.5,0.7,0.8,1,1.8,16.9,0,0,-6
307,Anthony Black,ORL,20,9,2,7, 16 ,4.3,1.3,3.4,38.7,0.3,1.2,27.3,1.3,2.2,60,0.3,1.3,1.7,1.4,0.7,0.8,0.3,1.7,11.2,0,0,-4.1
307,James Wiseman,DET,22,6,1,5, 16 ,4.3,1.8,3.5,52.4,0,0.2,0,0.7,1.3,50,1,2.3,3.3,0.7,0.2,0,0.8,1.3,11.7,0,0,-2.5
309,Christian Braun,DEN,22,10,6,4, 16 ,4.3,1.5,3.9,38.5,0.5,1.9,26.3,0.8,1.3,61.5,0.8,2.7,3.5,0.4,0.7,0.2,0.4,1.1,10.2,0,0,-2.3
310,Dwight Powell,DAL,32,7,4,3, 23 ,4.3,1.6,2.6,61.1,0,0,0,1.1,1.9,61.5,3.3,3.1,6.4,3.1,0.9,1.1,0.6,3.3,21,0,0,10.7
311,Drew Eubanks,PHX,26,8,5,3, 13 ,4.3,1.6,2.1,76.5,0,0,0,1,1.3,80,1.5,2.4,3.9,0.6,0.6,0.1,0.3,1.3,10.3,0,0,1.6
312,Jock Landale,HOU,28,5,1,4, 12 ,4.2,1.8,3.4,52.9,0,0.6,0,0.6,1,60,2.6,0.6,3.2,1,0.2,0.4,0.8,0.8,12.9,0,0,8.2
312,Maxi Kleber,DAL,31,5,1,4, 20 ,4.2,1.6,3.6,44.4,0.4,2.2,18.2,0.6,0.6,100,0.8,1.8,2.6,1.6,1,0.2,1.2,3,12.9,0,0,-4.6
314,AJ Green,MIL,24,6,3,3, 9 ,4.2,1.3,3.3,40,1,2.7,37.5,0.5,0.5,100,0.3,0.5,0.8,0.5,0,0,0.2,1,6.4,0,0,-1.7
315,Colin Castleton,LAL,23,1,1,0, 4 ,4,1,1,100,0,0,0,2,2,100,1,1,2,0,1,0,0,1,5.4,0,0,1
315,Leonard Miller,MIN,20,1,1,0, 8 ,4,2,4,50,0,2,0,0,0,0,0,2,2,0,1,1,1,2,11.4,0,0,-9
315,Mamadi Diakite,SAS,27,3,2,1, 5 ,4,1.3,1.7,80,0,0,0,1.3,2,66.7,0.3,0.7,1,0.7,0,0,0.3,0.3,7.2,0,0,1.7
315,Nate Williams,HOU,24,3,0,3, 11 ,4,1.3,4,33.3,0.3,0.3,100,1,1,100,1.7,0.3,2,0.3,0.3,0.3,0,1,7.6,0,0,4.7
315,Olivier-Maxence Prosper,DAL,21,2,1,1, 9 ,4,1.5,3.5,42.9,1,1.5,66.7,0,0,0,0.5,2.5,3,1.5,0,0,0,1.5,9.9,0,0,1
315,Oscar Tshiebwe,IND,24,2,1,1, 8 ,4,1.5,3.5,42.9,0,0,0,1,1,100,2,1.5,3.5,0,0,1,0,0,11.2,0,0,-1.5
321,John Konchar,MEM,27,9,5,4, 22 ,3.9,1.7,3.7,45.5,0.3,1.8,18.8,0.2,0.3,66.7,1.3,2.7,4,2.3,0.8,0.7,1.4,1.6,17.7,1,0,0
322,Trendon Watford,BKN,23,7,1,6, 9 ,3.9,1.4,2.9,50,0.6,1.1,50,0.4,0.6,75,1.3,0.7,2,0.9,0.4,0.6,0,1.4,8.8,0,0,3.9
323,James Bouknight,CHA,23,6,0,6, 7 ,3.8,1.3,3.5,38.1,1,2.5,40,0.2,0.3,50,0,0.5,0.5,0.5,0,0,0.2,0.2,5.7,0,0,-3
324,Keon Ellis,SAC,24,5,2,3, 8 ,3.8,1.4,2.4,58.3,1,1.6,62.5,0,0,0,0.4,0.6,1,0.4,0.4,0.2,0.2,1,6.4,0,0,-1.2
324,Vasilije Micic,OKC,30,10,8,2, 12 ,3.8,1.4,2.4,58.3,0.3,0.6,50,0.7,0.8,87.5,0,0.9,0.9,1.6,0.8,0.3,0,0.5,7.4,0,0,4.7
326,Andre Jackson Jr.,MIL,22,9,6,3, 17 ,3.8,1.6,2.9,53.8,0.1,0.8,14.3,0.6,0.6,100,1.7,2.4,4.1,1.1,0.6,0.3,0.4,2.8,12.2,1,0,-1.9
326,JT Thor,CHA,21,9,2,7, 15 ,3.8,1.4,4.9,29.5,0.6,1.6,35.7,0.3,0.4,75,2,1.9,3.9,0.3,0.4,0.2,0.8,1.1,11.5,0,0,-0.9
328,Jacob Gilyard,MEM,25,8,4,4, 19 ,3.8,1.4,4.3,32.4,1,3.3,30.8,0,0,0,0.1,1,1.1,4.1,0.5,0.9,0.1,0.8,13.8,0,0,-3
328,Jaylin Williams,OKC,21,8,7,1, 12 ,3.8,1.4,3.1,44,1,2.1,47.1,0,0.1,0,0.5,2.3,2.8,0.9,0.6,0.6,0.5,1.3,11.1,0,0,4
328,Trevelin Queen,ORL,26,8,2,6, 10 ,3.8,1.3,2.9,43.5,0.4,1.3,30,0.9,1.1,77.8,0.3,1.1,1.4,1.3,0.9,0.3,0.4,0.6,8.3,0,0,-1.5
331,Davion Mitchell,SAC,25,7,5,2, 10 ,3.7,1.4,3.7,38.5,0.6,1.9,30.8,0.3,0.4,66.7,0.4,0.6,1,1.1,0,0.1,0,0.7,7.1,0,0,3.6
331,Mike Muscala,DET,32,7,1,6, 13 ,3.7,1.3,3.3,39.1,0.9,2.4,35.3,0.3,0.6,50,1.7,1.7,3.4,0.7,0.6,0.3,0.4,1.4,10.5,0,0,0.7
333,Killian Hayes,DET,22,10,2,8, 24 ,3.7,1.6,4.2,38.1,0.1,0.9,11.1,0.4,0.6,66.7,0.2,2.4,2.6,7,1.3,0.7,0.2,1.8,18.7,0,0,-7.9
334,Devonte' Graham,SAS,28,3,1,2, 6 ,3.7,1.3,3,44.4,1,2.7,37.5,0,0,0,0,1,1,0.7,0,0.3,0,0.3,6.9,0,0,2.7
334,Jordan Nwora,TOR,25,6,2,4, 11 ,3.7,1.5,4.5,33.3,0.5,2.3,21.4,0.2,0.3,50,0.3,1.5,1.8,1,0.5,0.2,0,1.2,7.4,0,0,-2.8
334,Reggie Bullock Jr.,HOU,32,3,2,1, 12 ,3.7,1.3,2.3,57.1,1,2,50,0,0,0,0,2.3,2.3,0.7,0.7,0.7,0.3,0.3,9.8,0,0,-3.3
337,DeAndre Jordan,DEN,35,8,5,3, 11 ,3.6,1.3,1.8,71.4,0,0,0,1.1,1.9,60,1.1,3.1,4.3,0.5,0.9,0,0.5,2,10.1,0,0,-1.8
338,Chimezie Metu,PHX,26,9,6,3, 10 ,3.6,1.1,2.4,45.5,0.1,0.9,12.5,1.2,1.3,91.7,0.3,2.6,2.9,0.6,0.3,0.3,0.4,1.4,9.9,0,0,-4.3
339,Brandon Williams,DAL,24,4,1,3, 6 ,3.5,1.3,2.3,55.6,0.5,1,50,0.5,1,50,0,0.5,0.5,1.3,0.3,0,0.3,0,6.5,0,0,2.5
339,KJ Martin,PHI,23,8,4,4, 11 ,3.5,1.5,2.6,57.1,0,0.3,0,0.5,1,50,0.3,0.8,1,0.5,0.4,0.4,0,1.9,6.2,0,0,-0.6
339,Ousmane Dieng,OKC,20,4,2,2, 12 ,3.5,1.5,4.8,31.6,0.5,3,16.7,0,0,0,0.5,2.5,3,0.8,1,0.3,0,1,8,0,0,1.8
342,Jalen McDaniels,TOR,25,7,2,5, 6 ,3.4,1.1,2.6,44.4,0.1,1,14.3,1,1.7,58.3,0.4,0.7,1.1,0.3,0.1,0.4,0,0.3,6.4,0,0,-4.1
343,Ben Sheppard,IND,22,8,4,4, 17 ,3.4,1.1,3.8,30,0.5,2.3,22.2,0.6,0.8,83.3,0.6,1.9,2.5,1.6,0.1,0.8,0,2.5,10.9,0,0,1
344,Collin Gillespie,DEN,24,3,2,1, 3 ,3.3,1,1.3,75,0.3,0.3,100,1,1.3,75,0,0.3,0.3,0.3,0.3,0,0,0.7,3.9,0,0,0
344,Keita Bates-Diop,PHX,28,9,6,3, 10 ,3.3,1.4,2.4,59.1,0.4,1.2,36.4,0,0,0,0.7,1.1,1.8,1,0.3,0.3,0.1,0.8,8,0,0,-1.8
346,Lester Quinones,GSW,23,5,1,4, 8 ,3.2,1.2,2.8,42.9,0.6,1.4,42.9,0.2,0.4,50,0.8,1,1.8,0.8,0.6,0.2,0.2,0.6,7.2,0,0,4.2
347,Damian Jones,CLE,28,7,6,1, 8 ,3.1,1.1,2.1,53.3,0.1,0.7,20,0.7,0.7,100,0.4,1.1,1.6,0.4,0.1,0.1,0.4,0.6,7.2,0,0,-1
348,Bruno Fernando,ATL,25,4,1,3, 7 ,3,1,1.8,57.1,0,0.5,0,1,2.8,36.4,0.5,1.8,2.3,0.3,0.5,0.3,0.8,0.5,8.6,0,0,3.5
348,Cory Joseph,GSW,32,8,3,5, 15 ,3,1.1,2.4,47.4,0.8,1.6,46.2,0,0,0,0.4,1.4,1.8,1.5,0.5,0,0.1,0.9,7.2,0,0,-2.6
348,Dylan Windler,LAL,27,1,0,1, 5 ,3,1,1,100,1,1,100,0,0,0,0,0,0,1,0,0,0,1,4.5,0,0,4
348,Jaden Springer,PHI,21,5,1,4, 12 ,3,1,3.6,27.8,0,1.2,0,1,1.2,83.3,0.4,1,1.4,0.6,0,0.4,0.2,1,7.4,0,0,-6.4
348,Jett Howard,ORL,20,2,1,1, 3 ,3,1,1.5,66.7,0.5,1,50,0.5,1,50,0,0.5,0.5,0,0,0,0.5,0,5.1,0,0,-2
348,Joe Harris,DET,32,3,1,2, 7 ,3,1,1.7,60,1,1.7,60,0,0,0,0,0.7,0.7,0.3,0.3,0,0,1,4,0,0,-1.7
348,Jordan Goodwin,PHX,25,4,3,1, 4 ,3,1.5,2.5,60,0,0.3,0,0,0,0,0.3,0,0.3,0.8,0.5,0.3,0,0.5,4.7,0,0,-4.5
348,Jordan McLaughlin,MIN,27,9,6,3, 12 ,3,1.2,3,40.7,0.6,1.3,41.7,0,0.2,0,0.3,1,1.3,2.1,0.8,0.7,0.1,0.8,9.3,0,0,-1
348,Josh Okogie,PHX,25,10,7,3, 14 ,3,1.1,2.8,39.3,0.2,1.2,16.7,0.6,1.1,54.5,0.7,1.3,2,1.2,0.2,1.1,0.2,1.4,10.9,0,0,-1
348,Kessler Edwards,SAC,23,4,2,2, 5 ,3,1,2,50,0.5,1,50,0.5,0.5,100,0.5,0.5,1,0.5,0,0,0,0.5,5,0,0,2.8
348,Ricky Council IV,PHI,22,4,3,1, 4 ,3,0.8,1.8,42.9,0.3,0.3,100,1.3,2,62.5,0.3,0,0.3,0,0,0.3,0,0.3,4.1,0,0,0.5
348,Shake Milton,MIN,27,6,4,2, 9 ,3,1.5,3.2,47.4,0,0.5,0,0,0.2,0,0.3,0.7,1,1.3,0.2,0.3,0.3,0.5,8,0,0,-2.7
348,Taylor Hendricks,UTA,20,2,2,0, 4 ,3,1,1.5,66.7,1,1.5,66.7,0,0,0,0,0.5,0.5,0.5,0.5,0.5,0.5,0.5,6.9,0,0,0
361,Alex Len,SAC,30,7,2,5, 10 ,2.9,1.4,2.4,58.8,0,0.1,0,0,0.1,0,1.6,1.7,3.3,0.9,0.9,0.3,0.3,1.7,8.9,0,0,3.6
362,Jeremiah Robinson-Earl,NOP,23,4,3,1, 10 ,2.8,1.3,2.8,45.5,0.3,1,25,0,0,0,0,1.3,1.3,0,0.5,0.8,0.5,0.5,7.5,0,0,-2.5
363,Jae'Sean Tate,HOU,28,9,3,6, 16 ,2.7,1.1,3.1,35.7,0.1,1.3,8.3,0.3,0.4,75,1.1,1.4,2.6,1,0.3,0.4,0.3,1.8,9.2,0,0,-0.6
363,Kendall Brown,IND,20,3,2,1, 6 ,2.7,0.7,1.7,40,0,0.3,0,1.3,2,66.7,0.7,0,0.7,0.3,0,0,0,1.3,4,0,0,-3
363,Kyle Lowry,CHA,37,6,3,3, 24 ,2.7,1.2,5.5,21.2,0.2,3.2,5.3,0.2,0.3,50,0.7,2.3,3,3.2,1,0.7,0.8,1.8,14.5,0,0,-0.8
363,Richaun Holmes,DAL,30,3,1,2, 7 ,2.7,1.3,1.3,100,0,0,0,0,0,0,1.3,0.7,2,0.7,0,0,0.3,0.7,7.1,0,0,-1
367,Malachi Flynn,NYK,25,7,6,1, 5 ,2.6,0.9,1.9,46.2,0.3,1.1,25,0.6,0.9,66.7,0,0.3,0.3,0.6,0.3,0.1,0,0.4,3.9,0,0,-2.3
368,Brice Sensabaugh,UTA,20,2,2,0, 4 ,2.5,1,2,50,0.5,1,50,0,0,0,0,0,0,1,0,0,0,0.5,4,0,0,0
368,Dalen Terry,CHI,21,10,6,4, 10 ,2.5,0.7,2.2,31.8,0.5,1.6,31.3,0.6,0.8,75,0.4,0.8,1.2,1.1,0.5,0.3,0.1,1.2,6.3,0,0,-1.8
368,Neemias Queta,BOS,24,4,3,1, 8 ,2.5,1,2,50,0,0,0,0.5,0.5,100,1.3,1.8,3,0,0.3,0.3,1,2.5,9.6,0,0,1
368,Ochai Agbaji,UTA,23,10,7,3, 18 ,2.5,0.9,3.2,28.1,0.3,1.7,17.6,0.4,0.5,80,0.5,2.3,2.8,0.4,0.6,0.3,1,0.8,9.8,0,0,-0.7
368,Udoka Azubuike,PHX,24,2,2,0, 9 ,2.5,1,1,100,0,0,0,0.5,1,50,0.5,0.5,1,0.5,0.5,0,0,2.5,4,0,0,-9.5
373,Chris Duarte,SAC,26,5,3,2, 12 ,2.4,0.8,2.6,30.8,0.4,1.2,33.3,0.4,0.8,50,0.4,0.6,1,0.8,0.4,0,0,1,4.4,0,0,-5
374,Terry Taylor,CHI,24,3,2,1, 6 ,2.3,1,1.7,60,0,0.7,0,0.3,0.3,100,0.3,0.7,1,0.3,0.7,0,0.3,1.7,4.4,0,0,1.3
375,Cody Zeller,NOP,31,7,4,3, 5 ,2.3,0.9,1.1,75,0.1,0.3,50,0.4,0.6,75,1.1,1.1,2.3,0.9,0.4,0.1,0.1,1,6.7,0,0,2.6
376,Brandon Boston Jr.,LAC,22,4,4,0, 4 ,2.3,1,2.3,44.4,0.3,0.5,50,0,0,0,0.5,0.3,0.8,0.3,0.5,0,0,1.3,3,0,0,-4.3
376,Thomas Bryant,MIA,26,4,1,3, 7 ,2.3,1,1.3,80,0,0.3,0,0.3,0.5,50,0.8,0.5,1.3,0.8,0,0,0,0.8,4.9,0,0,-3
376,Trent Forrest,ATL,25,8,3,5, 13 ,2.3,0.9,3,29.2,0.3,0.5,50,0.3,0.5,50,0.1,1.6,1.8,2.4,0.6,0.5,0,1,8.8,0,0,-4.6
379,Sandro Mamukelashvili,SAS,24,7,3,4, 6 ,2.1,0.9,2,42.9,0.1,0.9,16.7,0.3,0.6,50,0.6,1.3,1.9,0.1,0,0.1,0.4,0.9,6.3,0,0,0.4
380,Aleksej Pokusevski,OKC,22,1,1,0, 5 ,2,1,2,50,0,1,0,0,0,0,0,1,1,0,0,0,0,0,3.2,0,0,-4
380,Chris Livingston,MIL,20,4,2,2, 8 ,2,0.8,1.8,42.9,0,0,0,0.5,0.5,100,0.3,1,1.3,0.3,0.5,0.3,0,0.8,4.1,0,0,-2
380,Gary Payton II,GSW,31,1,1,0, 11 ,2,1,5,20,0,3,0,0,0,0,1,3,4,0,1,0,0,0,5.8,0,0,10
380,JD Davison,BOS,21,1,1,0, 3 ,2,0,0,0,0,0,0,2,2,100,1,0,1,0,0,0,0,0,3.2,0,0,-1
380,Jalen Pickett,DEN,24,1,0,1, 7 ,2,1,3,33.3,0,2,0,0,0,0,0,0,0,2,0,0,0,0,5,0,0,-1
380,Jaxson Hayes,LAL,23,5,2,3, 5 ,2,1,1.4,71.4,0,0.2,0,0,0,0,0.2,0.4,0.6,0.4,0.4,0.2,0.4,1.8,4.7,0,0,-0.8
380,Jordan Miller,LAC,24,1,1,0, 4 ,2,1,2,50,0,0,0,0,0,0,2,0,2,0,0,0,0,0,4.4,0,0,-11
380,Josh Minott,MIN,21,1,1,0, 9 ,2,0,3,0,0,0,0,2,2,100,0,0,0,0,0,1,1,2,8,0,0,-10
380,Lindy Waters III,OKC,26,3,3,0, 6 ,2,0.7,2,33.3,0.7,1.7,40,0,0,0,0,0.7,0.7,1,0.3,0,0.3,0.7,5,0,0,-1.3
380,MarJon Beauchamp,MIL,23,4,1,3, 18 ,2,0.8,3.8,20,0.5,2.3,22.2,0,0,0,0.5,2,2.5,2,0.8,0.5,0.5,0.8,10.3,0,0,-3.5
380,Nate Hinton,HOU,24,1,1,0, 7 ,2,1,2,50,0,0,0,0,0,0,0,3,3,1,1,0,1,2,9.1,0,0,-3
380,Seth Curry,DAL,33,7,4,3, 11 ,2,0.9,3.1,27.3,0.3,1.7,16.7,0,0,0,0.1,0.7,0.9,0.1,0.4,0.3,0,1.1,3.7,0,0,-0.6
380,Taze Moore,POR,25,2,0,2, 3 ,2,1,2,50,0,1,0,0,0,0,0,0,0,0,0,0.5,0,1,3.5,0,0,-1
380,Terquavion Smith,PHI,21,4,3,1, 4 ,2,0.5,2.3,22.2,0.5,1.5,33.3,0.5,0.5,100,0,0,0,1.3,0.3,0.8,0,0,5.9,0,0,0.5
380,Troy Brown Jr.,MIN,24,4,3,1, 5 ,2,0.8,2.5,30,0.5,2.3,22.2,0,0,0,0.3,0.8,1,1.3,0.8,0,0,0.3,4.3,0,0,-6
395,Ish Smith,CHA,35,9,1,8, 15 ,1.9,0.9,2.7,33.3,0,0,0,0.1,0.2,50,0.2,1.8,2,2.4,0.6,0.3,0.2,0.8,9.1,0,0,-4.8
396,Leaky Black,CHA,24,7,1,6, 6 ,1.9,0.6,1.3,44.4,0.3,0.6,50,0.4,0.9,50,0.4,0.9,1.3,0.1,0.1,0.1,0.1,0.7,4.3,0,0,-0.7
397,Justin Minaya,POR,24,6,1,5, 13 ,1.8,0.7,2.3,28.6,0.2,1.5,11.1,0.3,0.7,50,0.2,1.2,1.3,0.8,0.3,0.7,0.7,1.2,8.4,0,0,0.3
398,Braxton Key,DEN,26,4,2,2, 4 ,1.8,0.5,1,50,0.3,0.5,50,0.5,0.5,100,0.3,0.8,1,0.5,0.3,0.3,0,0.3,4.2,0,0,2
398,Lamar Stevens,BOS,26,4,3,1, 9 ,1.8,0.5,2.8,18.2,0,0,0,0.8,1,75,0.3,1,1.3,0.3,0.8,0.3,0.3,0.5,4.4,0,0,0.5
400,Boban Marjanovic,HOU,35,3,1,2, 5 ,1.7,0.7,1.7,40,0,0,0,0.3,1,33.3,0.3,1.7,2,0,0.3,0,0,0.3,3.7,0,0,-2
400,Frank Ntilikina,CHA,25,3,0,3, 7 ,1.7,0.3,1.3,25,0.3,1.3,25,0.7,0.7,100,0,0.3,0.3,0.3,0.3,0,0,0.3,2.2,0,0,0.3
400,Juan Toscano-Anderson,SAC,30,3,2,1, 11 ,1.7,0.7,3,22.2,0.3,1,33.3,0,0,0,1,2,3,0.3,0.3,0,0.3,2.3,6.4,0,0,3
400,Nassir Little,PHX,23,3,3,0, 4 ,1.7,0.7,1.3,50,0,0.7,0,0.3,0.3,100,0,0,0,0,0.3,0,0,0,1.3,0,0,-4.3
400,Saben Lee,PHX,24,3,1,2, 5 ,1.7,0.3,1,33.3,0,0.3,0,1,1.3,75,0.7,0.7,1.3,0.3,0.7,0,0.3,0.3,4.1,0,0,-3
400,Zeke Nnaji,DEN,23,6,3,3, 5 ,1.7,0.5,1.5,33.3,0.2,0.5,33.3,0.5,0.7,75,0.3,0.3,0.7,0.5,0.7,0.5,0,1.5,4.1,0,0,-0.8
406,Ibou Badji,POR,21,5,1,4, 14 ,1.6,0.8,1.4,57.1,0,0,0,0,0.4,0,1.4,2.4,3.8,1,0.4,0.4,1.8,1.6,13.9,0,0,-3.6
406,Jericho Sims,NYK,25,5,5,0, 13 ,1.6,0.8,1,80,0,0,0,0,0,0,0.6,2,2.6,0.4,0.4,0.2,1.2,1,9.1,0,0,0.8
408,Anthony Gill,WAS,31,4,0,4, 2 ,1.5,0.5,0.8,66.7,0.5,0.5,100,0,0,0,0.3,0.5,0.8,0.3,0.3,0,0,0,2.5,0,0,2.3
408,Bismack Biyombo,MEM,31,2,2,0, 22 ,1.5,0.5,2,25,0,0,0,0.5,1,50,1,3,4,3,2,0,1.5,2.5,13.3,0,0,-1
408,Davis Bertans,OKC,31,2,2,0, 4 ,1.5,0.5,1,50,0.5,1,50,0,0,0,0,0,0,0.5,0,0.5,0.5,0,5.3,0,0,-3.5
408,Jalen Hood-Schifino,LAL,20,4,1,3, 4 ,1.5,0.5,1.3,40,0,0,0,0.5,0.5,100,0,0.5,0.5,0.5,0.8,0.3,0,0.3,2.9,0,0,1.3
408,Omer Yurtseven,UTA,25,4,4,0, 3 ,1.5,0.8,0.8,100,0,0,0,0,0,0,0.5,1.5,2,0,0.5,0,0,0.3,3.4,0,0,2
408,Seth Lundy,ATL,23,4,0,4, 4 ,1.5,0.3,1.3,20,0.3,0.8,33.3,0.8,1,75,0,1,1,0,0,0,0,0.3,2.7,0,0,1
408,Thanasis Antetokounmpo,MIL,31,4,2,2, 4 ,1.5,0.8,1.3,60,0,0,0,0,0,0,0.3,0,0.3,0.5,0.8,0,0.5,1.3,3.3,0,0,-3.3
415,Colby Jones,SAC,21,3,1,2, 11 ,1.3,0.7,3.7,18.2,0,1.7,0,0,0,0,0.7,1,1.7,2.3,0.3,0.7,0,1.3,8.5,0,0,6.3
415,Wendell Moore Jr.,MIN,22,3,3,0, 3 ,1.3,0.7,0.7,100,0,0,0,0,0,0,0,0,0,0,0,1,0,0.7,4.3,0,0,-4.7
417,Nathan Mensah,CHA,25,10,2,8, 15 ,1.3,0.5,1.3,38.5,0,0,0,0.3,0.4,75,1.8,1.2,3,0.8,0.8,0.1,0.6,3.5,7.4,0,0,-6.6
418,Furkan Korkmaz,PHI,26,7,6,1, 8 ,1.3,0.6,1.7,33.3,0.1,0.6,25,0,0.3,0,0,0.9,0.9,0.7,0.1,0.3,0.1,0.3,4.5,0,0,1
419,Dalano Banton,BOS,24,4,2,2, 8 ,1.3,0.3,2,12.5,0.3,0.8,33.3,0.5,1,50,0.3,0.5,0.8,1.3,0.3,0.8,0.3,1.3,6.8,0,0,2
419,Jay Huff,DEN,26,4,2,2, 4 ,1.3,0.5,1.3,40,0.3,1,25,0,0,0,0,0.3,0.3,0.3,0.3,0,0,1.3,1.7,0,0,-0.8
421,Garrett Temple,TOR,37,6,2,4, 5 ,1.2,0.3,1.5,22.2,0.2,0.8,20,0.3,0.3,100,0.7,0.5,1.2,0.5,0.5,0.2,0,0.5,3.3,0,0,-3
422,AJ Griffin,ATL,20,4,0,4, 3 ,1,0.5,1.8,28.6,0,1.3,0,0,0,0,0,0.3,0.3,0,0,0,0.3,0,2.1,0,0,0.5
422,Cole Swider,MIA,24,2,0,2, 5 ,1,0.5,2,25,0,1,0,0,0,0,0,0,0,0,0.5,0,0,0.5,0.5,0,0,1
422,Gui Santos,GSW,21,2,1,1, 6 ,1,0,2,0,0,1.5,0,1,1,100,0.5,1.5,2,0.5,0,0,0,0,4.2,0,0,-2
422,Hamidou Diallo,WAS,25,2,1,1, 2 ,1,0.5,1,50,0,0,0,0,0,0,1,0,1,0.5,0.5,1,0,0.5,5.5,0,0,2
422,Harry Giles III,BKN,25,2,1,1, 4 ,1,0.5,1.5,33.3,0,0.5,0,0,0,0,0.5,0.5,1,0.5,1,0,0,0,2,0,0,-2.5
422,Javon Freeman-Liberty,TOR,24,2,1,1, 2 ,1,0.5,1.5,33.3,0,0,0,0,0,0,0.5,0,0.5,0,0,0,0,0,1.6,0,0,-3.5
422,Justin Holiday,DEN,34,7,4,3, 6 ,1,0.4,1.1,37.5,0.1,0.9,16.7,0,0,0,0,0.3,0.3,0.3,0.1,0.3,0,0.7,2.5,0,0,-0.1
422,Keyontae Johnson,OKC,23,4,4,0, 7 ,1,0.5,1.8,28.6,0,0.3,0,0,0,0,0.5,0.5,1,1,0.8,0,0,0.5,3,0,0,0.8
422,Kira Lewis Jr.,TOR,22,2,1,1, 4 ,1,0,1,0,0,0.5,0,1,1,100,0,1,1,0,0.5,0,0,0.5,1.7,0,0,-3.5
422,Luka Samanic,UTA,24,5,4,1, 4 ,1,0.2,0.6,33.3,0,0.2,0,0.6,0.8,75,0,0.4,0.4,0.2,0.2,0,0,0.6,1.6,0,0,1.8
422,Markieff Morris,DAL,34,2,1,1, 5 ,1,0,0.5,0,0,0,0,1,1,100,0,0.5,0.5,0,0,0,0,0,1.6,0,0,2
422,Yuta Watanabe,PHX,29,3,2,1, 6 ,1,0.3,1,33.3,0,0.7,0,0.3,0.7,50,0,1,1,0,0.3,0,0,1,1.9,0,0,-5
434,Orlando Robinson,MIA,23,4,1,3, 4 ,0.8,0,0.3,0,0,0,0,0.8,1,75,0.3,0.5,0.8,0.8,0,0,0,0.3,2.8,0,0,1.3
435,Johnny Davis,WAS,21,3,0,3, 2 ,0.7,0.3,0.7,50,0,0,0,0,0,0,0,0,0,0,0,0,0,0,0.7,0,0,2.7
435,Maxwell Lewis,LAL,21,3,1,2, 3 ,0.7,0.3,0.3,100,0,0,0,0,0,0,0,0,0,0,0,0,0,0,0.7,0,0,0.3
435,Robin Lopez,MIL,35,3,1,2, 3 ,0.7,0.3,0.7,50,0,0.3,0,0,0,0,0.3,0,0.3,0.3,0,0,0,0,1.6,0,0,-0.7
438,Jerome Robinson,GSW,26,3,2,1, 5 ,0.3,0,1.3,0,0,0.7,0,0.3,0.7,50,0,0.3,0.3,0.7,0,0,0,0.3,1.7,0,0,1.3
439,Admiral Schofield,ORL,26,1,0,1, 3 ,0,0,2,0,0,1,0,0,0,0,0,1,1,0,0,0,0,0,1.2,0,0,5
439,Armoni Brooks,BKN,25,1,0,1, 3 ,0,0,0,0,0,0,0,0,0,0,0,1,1,0,0,0,0,0,1.2,0,0,4
439,Bones Hyland,LAC,23,2,2,0, 4 ,0,0,2,0,0,0.5,0,0,0,0,0,0,0,1,0,0,0.5,0.5,3,0,0,-4
439,E.J. Liddell,NOP,23,4,2,2, 3 ,0,0,0.5,0,0,0.5,0,0,0,0,0,0.3,0.3,0.3,0.3,0.5,0.3,0.3,2.7,0,0,-1
439,Eugene Omoruyi,WAS,26,1,0,1, 4 ,0,0,1,0,0,1,0,0,0,0,0,1,1,1,0,0,0,1,2.7,0,0,5
439,Evan Fournier,NYK,31,1,1,0, 6 ,0,0,4,0,0,3,0,0,0,0,0,1,1,0,0,0,0,2,1.2,0,0,-4
439,Hunter Tyson,DEN,23,1,0,1, 7 ,0,0,3,0,0,3,0,0,0,0,0,1,1,0,2,0,0,1,-0.8,0,0,-1
439,Jalen Wilson,BKN,23,1,0,1, 5 ,0,0,0,0,0,0,0,0,0,0,0,0,0,0,0,1,0,0,3,0,0,-2
439,James Johnson,IND,36,1,0,1, 1 ,0,0,0,0,0,0,0,0,0,0,0,0,0,0,0,0,0,0,0,0,0,0
439,Jermaine Samuels Jr.,HOU,25,1,1,0, 6 ,0,0,1,0,0,0,0,0,0,0,1,1,2,0,0,0,0,0,2.4,0,0,-5
439,Jordan Walsh,BOS,19,2,2,0, 3 ,0,0,0.5,0,0,0.5,0,0,0,0,0,2.5,2.5,0.5,0,0,0,0,3.8,0,0,0.5
439,Jules Bernard,WAS,24,2,1,1, 3 ,0,0,2,0,0,2,0,0,0,0,0,0,0,0,0,0,0,1,0,0,0,0.5
439,Julian Phillips,CHI,20,1,1,0, 4 ,0,0,0,0,0,0,0,0,0,0,0,0,0,1,0,0,0,0,1.5,0,0,4
439,Kevon Harris,ORL,26,1,0,1, 3 ,0,0,0,0,0,0,0,0,0,0,0,1,1,0,1,0,0,1,0.2,0,0,0
439,Kobe Brown,LAC,24,4,4,0, 4 ,0,0,0.5,0,0,0.3,0,0,0,0,0,0,0,0.3,0,0.3,0,0.3,1.1,0,0,-5.3
439,Luka Garza,MIN,25,2,2,0, 1 ,0,0,0,0,0,0,0,0,0,0,0,0,0,0,0,0,0,0,0,0,0,-1.5
439,Olivier Sarr,OKC,24,1,0,1, 1 ,0,0,0,0,0,0,0,0,0,0,0,0,0,0,0,0,0,0,0,0,0,0
439,Pete Nance,CLE,23,2,1,1, 2 ,0,0,1,0,0,0,0,0,0,0,0,0,0,0,0,0,0,0,0,0,0,2
439,Ryan Arcidiacono,NYK,29,4,4,0, 4 ,0,0,0.5,0,0,0.5,0,0,0,0,0,0.3,0.3,0.3,0,0.3,0,0.8,1.4,0,0,0.5
439,Trey Jemison,WAS,24,2,0,2, 1 ,0,0,0,0,0,0,0,0,0,0,0,0.5,0.5,0,0.5,0,0,0,0.1,0,0,1.5
